상품번호,상품명(필수),상품분류(필수),상품코드,원산지,제조사,브랜드번호,과세/비과세,배송정책,적립금정책,유사검색어,가격대체문구,짧은설명,상품설명,메인이미지,리스트이미지,상세이미지,확대이미지,관리 메모,출시일,상품출력여부,품절상품,재고량연동,옵션출력방식,가격/재고 옵션명,가격/재고 옵션목록,추가상품제목,추가상품목록,상품추가정보 제목,상품추가정보1,상품추가정보2,상품추가정보3,상품추가정보4,상품추가정보5,상품추가정보6,관련상품방식,관련상품번호,상품필수정보,모델명,상품상태,공급가격,입력옵션제목,입력옵션목록,회원 적립금혜택 제외,회원 할인혜택 제외,제조일자,유효일자시작,유효일자끝,이벤트문구,모바일 전용 이미지 사용여부,모바일 메인 이미지,모바일 리스트 이미지,모바일 상세 이미지,모바일 확대 이미지,모바일 메인에 사용될 PC 이미지,모바일 리스트 사용될 PC 이미지,모바일 상세 사용될 PC 이미지,모바일 확대 사용될 PC 이미지,수입 및 제작 여부,판매방식 구분,주 이용 고객층,성별,상품속성,검색태그,네이버 카테고리,가격비교 페이지 ID,네이버쇼핑 노출 설정,상품별 배송비,페이스북 광고 사용 설정,페이스북 광고 제품 피드 이미지,도서공연비 소득공제 상품 여부,다음 쇼핑하우 노출 설정
goodsno,goodsnm,goodscate,goodscd,origin,maker,brandno,tax,delivery_type,use_emoney,keyword,strprice,shortdesc,longdesc,img_i,img_s,img_m,img_l,memo,launchdt,open,runout,usestock,opttype,optnm,opts,addoptnm,addopts,ex_title,ex1,ex2,ex3,ex4,ex5,ex6,relationis,relation,extra_info,model_name,goods_status,provider_price,inputable_addoptnm,inputable_addopts,exclude_member_reserve,exclude_member_discount,manufacture_date,effective_date_start,effective_date_end,naver_event,use_mobile_img,img_w,img_x,img_y,img_z,img_pc_w,img_pc_x,img_pc_y,img_pc_z,naver_import_flag,naver_product_flag,naver_age_group,naver_gender,naver_attribute,naver_search_tag,naver_category,naver_product_id,naver_shopping_yn,goods_delivery,use_facebook,img_facebook,culture_benefit,daum_shopping_yn
78795,조화 그라스 장록수 자리공 열매 부쉬 55cm 12개 세트 식물 실내 조경 장식 플랜테리어 데코 소재 연출,022|022060|022060023,,,mdeco.co.kr(jh),0,1,0,0,,,,"<center><b>▒ 제품 설명</b><br>12개 세트로 배송 되는 제품 입니다.<br> <br> <br> <br> <br> <br> <b>▒ 제품 사이즈</b><br> 길이 : 55cm 가량<br> 가로 폭 : 35cm 가량<br> <br> 연출하시는 방법에 따라 크기의 변동폭이 크답니다.<br> 참고하셔서 주문 주세요.<br> (보통 가로 사이즈는 바닥에 놓은 상태에서 측정하고 있답니다.)<br> <br> <br> <br> <br> <br> <img src=""https://img.mdeco.kr/2025-04-08/20250422-113.jpg""><br> <img src=""https://img.mdeco.kr/2025-04-08/20250422-114.jpg""><br> <img src=""https://img.mdeco.kr/2025-04-08/20250422-115.jpg""><br> <img src=""https://img.mdeco.kr/2025-04-08/20250422-116.jpg""><br> <img src=""https://img.mdeco.kr/2025-04-08/20250422-117.jpg""><br> <img src=""https://img.mdeco.kr/2025-04-08/20250422-228.jpg""><br> <img src=""https://img.mdeco.kr/2025-04-08/20250422-229.jpg""><br> <img src=""https://img.mdeco.kr/2025-04-08/20250422-014.jpg""><br> <img src=""https://img.mdeco.kr/2025-04-08/20250422-015.jpg""><br> <br> <img src=""https://img.mdeco.kr/1-8image/all.jpg""><br></center>",1745286827248i0.jpg,1745286827348s0.jpg,1745286827194m0.jpg,1745286827561l0.jpg,,0000-00-00,1,0,o,single,,^^38400^56000^0^0^14800^0,^,,,,,,,,,1,,,,N,0,,,,,0000-00-00,0000-00-00,0000-00-00,,0,,,,,img_i,img_s,img_m,img_l,0,0,0,0,,,,,Y,0,0,,N,Y
77984,조화 장녹수 자리공 가지 화이트 100cm 24개 세트 고급 꽃장식 인조 예쁜조화,022060023|022060|022,,,mdeco.co.kr(c),0,1,0,0,,,,"<center><b>▒ 제품 설명</b><br>24개 세트로 배송되는 제품 입니다.<br> <br> <br> <br> <br> <br> <br> <b>▒ 제품 사이즈</b><br> 길이 : 100cm 가량<br> 가로폭 : 20cm 가량<br> 연출하시는 방법에 따라 크기의 변동폭이 크답니다.<br> 참고하셔서 주문주세요.<br> 보통 가로 사이즈는<br> 바닥에 놓은 상태에서 측정하고 있습니다.<br> <br> <br> <br> <br> <br> <br> <img src=""https://img.mdeco.kr/2025-01-05/20250122-026.jpg""><br> <img src=""https://img.mdeco.kr/2025-01-05/20250122-027.jpg""><br> <img src=""https://img.mdeco.kr/2025-01-05/20250122-028.jpg""><br> <img src=""https://img.mdeco.kr/2025-01-05/20250122-029.jpg""><br> <img src=""https://img.mdeco.kr/2025-01-05/20250122-030.jpg""><br> <img src=""https://img.mdeco.kr/2025-01-05/20250122-222.jpg""><br> <img src=""https://img.mdeco.kr/2025-01-05/20250122-223.jpg""><br> <img src=""https://img.mdeco.kr/2025-01-05/20250122-296.jpg""><br> <br><img src=""https://img.mdeco.kr/0-thereals/etcfruit.jpg""> <img src=""https://img.mdeco.kr/1-8image/all.jpg""><br></center>",1737593144648i0.jpg,1737593144926s0.jpg,1737593144608m0.jpg,1737593144284l0.jpg,,0000-00-00,1,0,o,single,,^^120000^0^0^0^14800^0,^,,,,,,,,,1,,,JDJ-0024008(2D/12D),N,0,,,,,0000-00-00,0000-00-00,0000-00-00,,0,,,,,img_i,img_s,img_m,img_l,0,0,0,0,,,,,Y,0,0,,N,Y
77863,조화 스카비오사 꽃 가지 62cm 4색 택1 사카비오사 솔체꽃 인조 꽃장식 고급조화 예쁜조화 연출 조화꽃,022|022060|022060023,,,mdeco.co.kr(m),0,1,0,0,,,,"<center><b>▒ 제품 설명</b><br> 4가지 색상 입니다.<br> 주문 시 색상을 선택하여 주세요.<br> <br> <br> 세트 주문시<br> <b>할인 적용되어 판매 됩니다.</b><br> <br> <br> <br> <br> <br> <br> <br> <b>▒ 제품 사이즈</b><br> 길이 : 62cm 가량<br> 가로 폭 : 20cm 가량<br> 연출하시는 방법에 따라 크기의 변동폭이 크답니다.<br> 참고하셔서 주문 주세요.<br> 보통 가로 사이즈는 바닥에 놓은 상태에서<br> 측정하고 있답니다.<br> <br> <br> <br> <br> <br> <br> <br> <img src=""http://img.mdeco.kr/1-8image/m-fower.jpg""><br> <br> <img src=""https://img.mdeco.kr/2025-01-02/20250110-163.jpg""><br> <img src=""https://img.mdeco.kr/2025-01-02/20250110-164.jpg""><br> <img src=""https://img.mdeco.kr/2025-01-02/20250110-165.jpg""><br> <img src=""https://img.mdeco.kr/2025-01-02/20250110-166.jpg""><br> <img src=""https://img.mdeco.kr/2025-01-02/20250110-167.jpg""><br> <img src=""https://img.mdeco.kr/2025-01-02/20250110-168.jpg""><br> <img src=""https://img.mdeco.kr/2025-01-02/20250110-169.jpg""><br> <img src=""https://img.mdeco.kr/2025-01-02/20250110-170.jpg""><br> <img src=""https://img.mdeco.kr/2025-01-02/20250110-171.jpg""><br> <img src=""https://img.mdeco.kr/2025-01-02/20250110-172.jpg""><br> <img src=""https://img.mdeco.kr/2025-01-02/20250110-173.jpg""><br> <img src=""https://img.mdeco.kr/2025-01-02/20250110-174.jpg""><br> <img src=""https://img.mdeco.kr/2025-01-02/20250110-175.jpg""><br> <img src=""https://img.mdeco.kr/2025-01-02/20250110-176.jpg""><br> <img src=""https://img.mdeco.kr/2025-01-02/20250110-177.jpg""><br> <img src=""https://img.mdeco.kr/2025-01-02/20250110-178.jpg""><br> <img src=""https://img.mdeco.kr/2025-01-02/20250110-503.jpg""><br> <img src=""https://img.mdeco.kr/2025-01-02/20250110-504.jpg""><br> <img src=""https://img.mdeco.kr/2025-01-02/20250110-505.jpg""><br> <img src=""https://img.mdeco.kr/2025-01-02/20250110-506.jpg""><br> <img src=""https://img.mdeco.kr/2025-01-02/20250110-536.jpg""><br> <br><img src=""https://img.mdeco.kr/0-thereals/peony.jpg""> <img src=""https://img.mdeco.kr/1-8image/all.jpg""><br></center>",1736491990509i0.jpg,1736491990334s0.jpg,1736491990225m0.jpg,173649199081l0.jpg,,0000-00-00,1,0,,double,색상(Color),라벤더^^4480^5600^0^0^1480^0|LT핑크^^4480^5600^0^0^1480^0|화이트^^4480^5600^0^0^1480^0|블루^^4480^5600^0^0^1480^0,수량^o,수량^낱개^0|수량^12개 세트^38720,,,,,,,,1,,,25FMSG319004.LO/UO(12/144),N,0,,,,,0000-00-00,0000-00-00,0000-00-00,,0,,,,,img_i,img_s,img_m,img_l,0,0,0,0,,,,,Y,0,0,,N,Y
76140,조화 스카비오사 스프레이 61cm 24개 세트 5색 택1 고급조화 예쁜조화 연출 장식 조화꽃,022|022060|022060023,,,mdeco.co.kr(jh),0,1,0,0,,,,"<p><center><b>▒ 제품 설명</font></b><br> 5가지 색상입니다.<br> 주문시 색상을 선택하여 주세요.<br> 각 색상별 24개 세트로 배송 되는 제품 입니다.<br> <br> <br> <br> <br> <br> <br> <b>▒ 제품 사이즈</b><br> 길이 : 61cm 가량<br> 가로폭 : 16cm 가량<br> 연출하시는 방법에 따라 크기의 변동폭이 크답니다.<br> 참고하셔서 주문주세요.<br> 보통 가로 사이즈는 바닥에 놓은 상태에서<br> 측정하고 있답니다.</font><br> <br> <br> <br> <br> <br> <br> <img src=""https://img.mdeco.kr/2024-07-05/20240726-485.jpg""><br> <img src=""https://img.mdeco.kr/2024-07-05/20240726-487.jpg""><br> <img src=""https://img.mdeco.kr/2024-07-05/20240726-486.jpg""><br> <img src=""https://img.mdeco.kr/2024-07-05/20240726-488.jpg""><br> <img src=""https://img.mdeco.kr/2024-07-05/20240726-489.jpg""><br> <img src=""https://img.mdeco.kr/2024-07-05/20240726-490.jpg""><br> <img src=""https://img.mdeco.kr/2024-07-05/20240726-491.jpg""><br> <img src=""https://img.mdeco.kr/2024-07-05/20240726-492.jpg""><br> <img src=""https://img.mdeco.kr/2024-07-05/20240726-493.jpg""><br> <img src=""https://img.mdeco.kr/2024-07-05/20240726-494.jpg""><br> <img src=""https://img.mdeco.kr/2024-07-05/20240726-495.jpg""><br> <img src=""https://img.mdeco.kr/2024-07-05/20240726-496.jpg""><br> <img src=""https://img.mdeco.kr/2024-07-05/20240726-497.jpg""><br> <img src=""https://img.mdeco.kr/2024-07-05/20240726-498.jpg""><br> <img src=""https://img.mdeco.kr/2024-07-05/20240726-499.jpg""><br> <img src=""https://img.mdeco.kr/2024-07-05/20240726-500.jpg""><br> <img src=""https://img.mdeco.kr/2024-07-05/20240726-501.jpg""><br> <img src=""https://img.mdeco.kr/2024-07-05/20240726-502.jpg""><br> <img src=""https://img.mdeco.kr/2024-07-05/20240726-503.jpg""><br> <img src=""https://img.mdeco.kr/2024-07-05/20240726-234.jpg""><br> <img src=""https://img.mdeco.kr/2024-07-05/20240726-235.jpg""><br> <img src=""https://img.mdeco.kr/2024-07-05/20240726-236.jpg""><br> <img src=""https://img.mdeco.kr/2024-07-05/20240726-250.jpg""><br> <img src=""https://img.mdeco.kr/2024-07-05/20240726-251.jpg""><br> <br><img src=""https://img.mdeco.kr/0-thereals/peony.jpg""> <img src=""https://img.mdeco.kr/1-8image/all.jpg""><br></center><p></p>",1721978604996i0.jpg,1721978604928s0.jpg,1721978604103m0.jpg,1721978604844l0.jpg,,0000-00-00,1,0,,single,,^^81600^96000^0^0^1480^0,색상^o,색상^블루^0|색상^핑크^0|색상^크림^0|색상^LT퍼플^0|색상^퍼플^0,,,,,,,,1,,,,N,0,,,,,0000-00-00,0000-00-00,0000-00-00,,0,,,,,img_i,img_s,img_m,img_l,0,0,0,0,,,,,Y,0,0,,N,Y
76019,조화 장녹수 가지 화이트 102cm 24개 세트 자리공 플랜테리어 인조 식물 소재 녹화 벽면 장식 실내조경,022060023|022060|022,,,mdeco.co.kr(c),0,1,0,0,,,,"<p></p><center><b>▒ 제품 설명</b><br>24개 세트로 배송되는 제품 입니다.<br> <br> <br> <br> <br> <br> <br> <b>▒ 제품 사이즈</b><br> 길이 : 102cm 가량<br> 가로폭 : 20cm 가량<br> 연출하시는 방법에 따라 크기의 변동폭이 크답니다.<br> 참고하셔서 주문주세요.<br> 보통 가로 사이즈는<br> 바닥에 놓은 상태에서 측정하고 있습니다.<br> <br> <br> <br> <br> <br> <br> <img src=""https://img.mdeco.kr/2024-07-03/20240711-177.jpg""><br> <img src=""https://img.mdeco.kr/2024-07-03/20240711-178.jpg""><br> <img src=""https://img.mdeco.kr/2024-07-03/20240711-179.jpg""><br> <img src=""https://img.mdeco.kr/2024-07-03/20240711-180.jpg""><br> <img src=""https://img.mdeco.kr/2024-07-03/20240711-181.jpg""><br> <img src=""https://img.mdeco.kr/2024-07-03/20240711-235.jpg""><br> <img src=""https://img.mdeco.kr/2024-07-03/20240711-236.jpg""><br> <img src=""https://img.mdeco.kr/2024-07-03/20240711-260.jpg""><br> <br><img src=""https://img.mdeco.kr/0-thereals/etcfruit.jpg""> <img src=""https://img.mdeco.kr/1-8image/all.jpg""><br></center><p></p>",172067693134i0.jpg,172067693137s0.jpg,1720676931677m0.jpg,1720676931181l0.jpg,,0000-00-00,1,0,o,single,,^^120000^120000^0^0^14800^0,^,,,,,,,,,1,,,JDJ-0024008(2D/12D),N,0,,,,,0000-00-00,0000-00-00,0000-00-00,,0,,,,,img_i,img_s,img_m,img_l,0,0,0,0,,,,,Y,0,0,,N,Y
75933,조화 자리공 장녹수 가지 76cm 3색 택1 각 24개 세트 플랜테리어 인조 식물 소재 녹화 벽면 실내 조경,022|022060|022060023,,,mdeco.co.kr(jh),0,1,0,0,,,,"<p></p><center><b>▒ 제품 설명</b><br> 3가지 색상 입니다.<br> 주문 시 색상을 선택하여 주세요.<br> <br>색상별 각 24개 세트로 배송되는 제품 입니다.<br> <br> <br> <br> <br> <br> <br> <b>▒ 제품 사이즈</b><br> 길이 : 76cm 가량<br> 가로폭 : 17cm 가량<br> 연출하시는 방법에 따라 크기의 변동폭이 크답니다.<br> 참고하셔서 주문주세요.<br> 보통 가로 사이즈는 바닥에 놓은 상태에서<br> 측정하고 있답니다.<br> <br> <br> <br> <br> <br> <br> <img src=""https://img.mdeco.kr/2024-07-01/20240702-060.jpg""><br> <img src=""https://img.mdeco.kr/2024-07-01/20240702-062.jpg""><br> <img src=""https://img.mdeco.kr/2024-07-01/20240702-061.jpg""><br> <img src=""https://img.mdeco.kr/2024-07-01/20240702-063.jpg""><br> <img src=""https://img.mdeco.kr/2024-07-01/20240702-064.jpg""><br> <img src=""https://img.mdeco.kr/2024-07-01/20240702-065.jpg""><br> <img src=""https://img.mdeco.kr/2024-07-01/20240702-066.jpg""><br> <img src=""https://img.mdeco.kr/2024-07-01/20240702-067.jpg""><br> <img src=""https://img.mdeco.kr/2024-07-01/20240702-068.jpg""><br> <img src=""https://img.mdeco.kr/2024-07-01/20240702-069.jpg""><br> <img src=""https://img.mdeco.kr/2024-07-01/20240702-070.jpg""><br> <img src=""https://img.mdeco.kr/2024-07-01/20240702-071.jpg""><br> <img src=""https://img.mdeco.kr/2024-07-01/20240702-072.jpg""><br> <img src=""https://img.mdeco.kr/2024-07-01/20240702-182.jpg""><br> <img src=""https://img.mdeco.kr/2024-07-01/20240702-183.jpg""><br> <img src=""https://img.mdeco.kr/2024-07-01/20240702-219.jpg""><br> <br><img src=""https://img.mdeco.kr/0-thereals/etcfruit.jpg""> <img src=""https://img.mdeco.kr/1-8image/all.jpg""><br></center><p></p>",1719899496884i0.jpg,1719899496555s0.jpg,1719899496259m0.jpg,1719899496955l0.jpg,,0000-00-00,1,0,o,double,색상(Color),퍼플^^129600^0^0^0^1480^0|그린핑크^^129600^0^0^0^1480^0|그린^^129600^0^0^0^1480^0,^,,,,,,,,,1,,,,N,0,,,,,0000-00-00,0000-00-00,0000-00-00,,0,,,,,img_i,img_s,img_m,img_l,0,0,0,0,,,,,Y,0,0,,N,Y
75254,조화 스카비오사 스프레이 61cm 6색 택1 각 24개 세트 고급조화 예쁜조화 연출 장식 조화꽃,022|022060|022060023,,,mdeco.co.kr(jh),0,1,0,0,,,,"<p></p><center><b>▒ 제품 설명</b><br>색상별 각 24개 세트로 배송되는 제품 입니다.<br> <br> <br> <br> <br> <br> <br> <b>▒ 제품 사이즈</b><br> 길이 : 61cm 가량<br> 가로폭 : 22cm 가량<br> 연출하시는 방법에 따라 크기의 변동폭이 크답니다.<br> 참고하셔서 주문주세요.<br> (보통 가로 사이즈는 바닥에 놓은 상태에서 측정하고 있답니다.)<br> <br> <br> <br> <br> <br> <br> <img src=""https://img.mdeco.kr/2024-04-02/20240411-083.jpg""><br> <img src=""https://img.mdeco.kr/2024-04-02/20240411-082.jpg""><br> <img src=""https://img.mdeco.kr/2024-04-02/20240411-084.jpg""><br> <img src=""https://img.mdeco.kr/2024-04-02/20240411-085.jpg""><br> <img src=""https://img.mdeco.kr/2024-04-02/20240411-086.jpg""><br> <img src=""https://img.mdeco.kr/2024-04-02/20240411-087.jpg""><br> <img src=""https://img.mdeco.kr/2024-04-02/20240411-088.jpg""><br> <img src=""https://img.mdeco.kr/2024-04-02/20240411-089.jpg""><br> <img src=""https://img.mdeco.kr/2024-04-02/20240411-090.jpg""><br> <img src=""https://img.mdeco.kr/2024-04-02/20240411-091.jpg""><br> <img src=""https://img.mdeco.kr/2024-04-02/20240411-092.jpg""><br> <img src=""https://img.mdeco.kr/2024-04-02/20240411-093.jpg""><br> <img src=""https://img.mdeco.kr/2024-04-02/20240411-094.jpg""><br> <img src=""https://img.mdeco.kr/2024-04-02/20240411-095.jpg""><br> <img src=""https://img.mdeco.kr/2024-04-02/20240411-096.jpg""><br> <img src=""https://img.mdeco.kr/2024-04-02/20240411-097.jpg""><br> <img src=""https://img.mdeco.kr/2024-04-02/20240411-098.jpg""><br> <img src=""https://img.mdeco.kr/2024-04-02/20240411-099.jpg""><br> <img src=""https://img.mdeco.kr/2024-04-02/20240411-100.jpg""><br> <img src=""https://img.mdeco.kr/2024-04-02/20240411-101.jpg""><br> <img src=""https://img.mdeco.kr/2024-04-02/20240411-102.jpg""><br> <img src=""https://img.mdeco.kr/2024-04-02/20240411-103.jpg""><br> <img src=""https://img.mdeco.kr/2024-04-02/20240411-290.jpg""><br> <img src=""https://img.mdeco.kr/2024-04-02/20240411-291.jpg""><br> <img src=""https://img.mdeco.kr/2024-04-02/20240411-359.jpg""><br> <br><img src=""https://img.mdeco.kr/0-thereals/peony.jpg""> <img src=""https://img.mdeco.kr/1-8image/all.jpg""><br></center><p></p>",1712823296286i0.jpg,1712823296994s0.jpg,1712823296408m0.jpg,1712823296273l0.jpg,,0000-00-00,1,0,o,double,색상(Color),블루^^110400^0^0^0^1480^0|LT블루^^110400^0^0^0^1480^0|옐로우^^110400^0^0^0^1480^0|크림^^110400^0^0^0^1480^0|LT핑크^^110400^0^0^0^0^0|핑크^^110400^0^0^0^1480^0,^,,,,,,,,,1,,,,N,0,,,,,0000-00-00,0000-00-00,0000-00-00,,0,,,,,img_i,img_s,img_m,img_l,0,0,0,0,,,,,Y,0,0,,N,Y
75133,조화 스카비오사 가지 솔체꽃 60cm 4색 택1 각 24개 세트 조화꽃 연출 장식 고급조화 예쁜조화,022|022060023|022060,,,mdeco.co.kr(dy),0,1,0,0,,,,"<p></p><center><b>▒ 제품 설명</b><br> 4가지 색상 입니다.<br> 주문 시 색상을 선택하여 주세요.<br> 색상별 각 24개 세트로 배송되는 제품입니다.<br> <br> <br> <br> <br> <br> <b>▒ 제품 사이즈</b><br> 길이 : 60cm 가량<br> 가로폭 : 20cm 가량<br> 연출하시는 방법에 따라 크기의 변동폭이 크답니다.<br> 참고하셔서 주문주세요.<br> <br> <br> <br> <br> <br> <br> <br> <img src=""https://img.mdeco.kr/2024-03-08/20240325-389.jpg""><br> <img src=""https://img.mdeco.kr/2024-03-08/20240325-391.jpg""><br> <img src=""https://img.mdeco.kr/2024-03-08/20240325-390.jpg""><br> <img src=""https://img.mdeco.kr/2024-03-08/20240325-392.jpg""><br> <img src=""https://img.mdeco.kr/2024-03-08/20240325-393.jpg""><br> <img src=""https://img.mdeco.kr/2024-03-08/20240325-394.jpg""><br> <img src=""https://img.mdeco.kr/2024-03-08/20240325-395.jpg""><br> <img src=""https://img.mdeco.kr/2024-03-08/20240325-396.jpg""><br> <img src=""https://img.mdeco.kr/2024-03-08/20240325-397.jpg""><br> <img src=""https://img.mdeco.kr/2024-03-08/20240325-398.jpg""><br> <img src=""https://img.mdeco.kr/2024-03-08/20240325-399.jpg""><br> <img src=""https://img.mdeco.kr/2024-03-08/20240325-400.jpg""><br> <img src=""https://img.mdeco.kr/2024-03-08/20240325-401.jpg""><br> <img src=""https://img.mdeco.kr/2024-03-08/20240325-402.jpg""><br> <img src=""https://img.mdeco.kr/2024-03-08/20240325-403.jpg""><br> <img src=""https://img.mdeco.kr/2024-03-08/20240325-404.jpg""><br> <img src=""https://img.mdeco.kr/2024-03-08/20240325-558.jpg""><br> <img src=""https://img.mdeco.kr/2024-03-08/20240325-559.jpg""><br> <img src=""https://img.mdeco.kr/2024-03-08/20240325-560.jpg""><br> <img src=""https://img.mdeco.kr/2024-03-08/20240325-598.jpg""><br> <img src=""https://img.mdeco.kr/2024-03-08/20240325-599.jpg""><br> <br><img src=""https://img.mdeco.kr/0-thereals/peony.jpg""> <img src=""https://img.mdeco.kr/1-8image/all.jpg""><br></center><p></p>",1711351255521i0.jpg,1711351255456s0.jpg,1711351255764m0.jpg,171135125557l0.jpg,,0000-00-00,1,0,,double,색상(Color),DK블루^^144000^0^0^0^1480^0|LT블루^^144000^0^0^0^1480^0|화이트^^144000^0^0^0^1480^0|핑크^^144000^0^0^0^1480^0,^,,,,,,,,,1,,,DY468(24/240),N,0,,,,,0000-00-00,0000-00-00,0000-00-00,,0,,,,,img_i,img_s,img_m,img_l,0,0,0,0,,,,,Y,0,0,,N,Y
74808,조화 스카비오사 가지 솔체꽃 62cm 4색 택1 인조 꽃장식 고급조화 예쁜조화 연출 조화꽃,022|022060|022060023,,,mdeco.co.kr(m),0,1,0,0,,,,"<center><b>▒ 제품 설명</b><br> 4가지 색상 입니다.<br> 주문 시 색상을 선택하여 주세요.<br> <br> 낱개 주문시 8,400원<br>24개 세트 주문시 158,400원<br> <br> <br> <br> <br> <br> <br> <br> <b>▒ 제품 사이즈</b><br> 길이 : 62cm 가량<br> 가로폭 : 17cm 가량<br> 연출하시는 방법에 따라 크기의 변동폭이 크답니다.<br> 참고하셔서 주문주세요.<br> 보통 가로 사이즈는 바닥에 놓은 상태에서<br> 측정하고 있답니다.<br> <br> <br> <br> <br> <br> <br> <br> <img src=""http://img.mdeco.kr/1-8image/m-fower.jpg""><br> <br> <img src=""https://img.mdeco.kr/2024-02-06/20240221-090.jpg""><br> <img src=""https://img.mdeco.kr/2024-02-06/20240221-092.jpg""><br> <img src=""https://img.mdeco.kr/2024-02-06/20240221-091.jpg""><br> <img src=""https://img.mdeco.kr/2024-02-06/20240221-093.jpg""><br> <img src=""https://img.mdeco.kr/2024-02-06/20240221-094.jpg""><br> <img src=""https://img.mdeco.kr/2024-02-06/20240221-095.jpg""><br> <img src=""https://img.mdeco.kr/2024-02-06/20240221-096.jpg""><br> <img src=""https://img.mdeco.kr/2024-02-06/20240221-097.jpg""><br> <img src=""https://img.mdeco.kr/2024-02-06/20240221-098.jpg""><br> <img src=""https://img.mdeco.kr/2024-02-06/20240221-099.jpg""><br> <img src=""https://img.mdeco.kr/2024-02-06/20240221-100.jpg""><br> <img src=""https://img.mdeco.kr/2024-02-06/20240221-101.jpg""><br> <img src=""https://img.mdeco.kr/2024-02-06/20240221-102.jpg""><br> <img src=""https://img.mdeco.kr/2024-02-06/20240221-004.jpg""><br> <img src=""https://img.mdeco.kr/2024-02-06/20240221-005.jpg""><br> <img src=""https://img.mdeco.kr/2024-02-06/20240221-006.jpg""><br> <img src=""https://img.mdeco.kr/2024-02-06/20240221-026.jpg""><br> <br><img src=""https://img.mdeco.kr/0-thereals/peony.jpg""> <img src=""https://img.mdeco.kr/1-8image/all.jpg""><br></center>",1708488251921i0.jpg,1708488251763s0.jpg,1708488251962m0.jpg,1708488251224l0.jpg,,0000-00-00,1,0,,double,색상(Color),블루^^8400^10500^0^0^1480^0|퍼플블루^^8400^10500^0^0^1480^0|화이트^^8400^10500^0^0^1480^0|LT핑크^^8400^10500^0^0^1480^0,수량^o,수량^낱개 주문 시^0|수량^24개 세트 (박스) 주문 시^150000,,,,,,,,1,,,24FMNA135539.CC/YU(24/192),N,0,,,,,0000-00-00,0000-00-00,0000-00-00,,0,,,,,img_i,img_s,img_m,img_l,0,0,0,0,,,,,Y,0,0,,N,Y
74538,조화 꽃 자리공 장녹수 장록수 열매 가지 54cm 3색 택1 각36개 세트 인조 베리 스프레이 꽃장식 조화꽃,022|022060|022060023,,,mdeco.co.kr(o),0,1,0,0,,,,"<p><b>▒ 제품 설명</b><br> 3가지 색상 입니다.<br> 주문 시 색상을 선택하여 주세요.<br> <br> 각 색상별<br>36개 세트로 배송되는 제품 입니다.<br> <br> <br> <br> <br> <br> <br> <b>▒ 제품 사이즈</b><br> 길이 : 54cm 가량<br> 가로폭 : 18cm 가량<br> 연출하시는 방법에 따라 크기의 변동폭이 크답니다.<br> 참고하셔서 주문주세요.<br> 보통 가로 사이즈는<br> 바닥에 놓은 상태에서 측정하고 있답니다.<br> <br> <br> <br> <br> <br> <br> <br> <br> <img src=""https://img.mdeco.kr/2024-01-06/20240116-322.jpg""><br> <img src=""https://img.mdeco.kr/2024-01-06/20240116-324.jpg""><br> <img src=""https://img.mdeco.kr/2024-01-06/20240116-323.jpg""><br> <img src=""https://img.mdeco.kr/2024-01-06/20240116-325.jpg""><br> <img src=""https://img.mdeco.kr/2024-01-06/20240116-326.jpg""><br> <img src=""https://img.mdeco.kr/2024-01-06/20240116-327.jpg""><br> <img src=""https://img.mdeco.kr/2024-01-06/20240116-328.jpg""><br> <img src=""https://img.mdeco.kr/2024-01-06/20240116-329.jpg""><br> <img src=""https://img.mdeco.kr/2024-01-06/20240116-330.jpg""><br> <img src=""https://img.mdeco.kr/2024-01-06/20240116-331.jpg""><br> <img src=""https://img.mdeco.kr/2024-01-06/20240116-332.jpg""><br> <img src=""https://img.mdeco.kr/2024-01-06/20240116-333.jpg""><br> <img src=""https://img.mdeco.kr/2024-01-06/20240116-334.jpg""><br> <img src=""https://img.mdeco.kr/2024-01-06/20240116-033.jpg""><br> <img src=""https://img.mdeco.kr/2024-01-06/20240116-034.jpg""><br> <img src=""https://img.mdeco.kr/2024-01-06/20240116-317.jpg""><br> <br><img src=""https://img.mdeco.kr/0-thereals/etcfruit.jpg""> <img src=""https://img.mdeco.kr/1-8image/all.jpg""><br></p>",1705368049469i0.jpg,1705368049334s0.jpg,1705368049988m0.jpg,1705368049545l0.jpg,,0000-00-00,1,0,,double,색상(Color),퍼플^^86400^0^0^0^1480^0|화이트^^86400^0^0^0^1480^0|옐로우^^86400^0^0^0^1480^0,^,,,,,,,,,1,,,G4402-2551(36/432),N,0,,,,,0000-00-00,0000-00-00,0000-00-00,,0,,,,,img_i,img_s,img_m,img_l,0,0,0,0,,,,,Y,0,0,,N,Y
73268,조화 다이아몬드 스카비오사 스프레이 58cm 6색 택1 꽃장식 조화꽃 감사 사랑 소재,022|022060|022060023,,,mdeco.co.kr(j),0,1,0,0,,,,"<p><b>▒ 제품 설명</b><br> 6가지 색상 입니다.<br> 주문 시 색상을 선택하여 주세요.<br> <br> 낱개 주문시 6,400원<br>24개 세트 주문시 120,000원<br> <br> <br> <br> <br> <br> <br> <br> <b>▒ 제품 사이즈</b><br> 길이 : 58cm 가량<br> 가로폭 : 11cm 가량<br> 연출하시는 방법에 따라 크기의 변동폭이 크답니다.<br> 참고하셔서 주문주세요.<br> (보통 가로 사이즈는 바닥에 놓은 상태에서 측정하고 있답니다.)<br> <br> <br> <br> <br> <br> <br> <br> <img src=""https://img.mdeco.kr/1-8image/j-flower.jpg""><br> <br> <img src=""https://img.mdeco.kr/2023-09-01/20230907-097.jpg""><br> <img src=""https://img.mdeco.kr/2023-09-01/20230907-099.jpg""><br> <img src=""https://img.mdeco.kr/2023-09-01/20230907-098.jpg""><br> <img src=""https://img.mdeco.kr/2023-09-01/20230907-100.jpg""><br> <img src=""https://img.mdeco.kr/2023-09-01/20230907-102.jpg""><br> <img src=""https://img.mdeco.kr/2023-09-01/20230907-101.jpg""><br> <img src=""https://img.mdeco.kr/2023-09-01/20230907-103.jpg""><br> <img src=""https://img.mdeco.kr/2023-09-01/20230907-104.jpg""><br> <img src=""https://img.mdeco.kr/2023-09-01/20230907-105.jpg""><br> <img src=""https://img.mdeco.kr/2023-09-01/20230907-106.jpg""><br> <img src=""https://img.mdeco.kr/2023-09-01/20230907-107.jpg""><br> <img src=""https://img.mdeco.kr/2023-09-01/20230907-108.jpg""><br> <img src=""https://img.mdeco.kr/2023-09-01/20230907-109.jpg""><br> <img src=""https://img.mdeco.kr/2023-09-01/20230907-110.jpg""><br> <img src=""https://img.mdeco.kr/2023-09-01/20230907-111.jpg""><br> <img src=""https://img.mdeco.kr/2023-09-01/20230907-112.jpg""><br> <img src=""https://img.mdeco.kr/2023-09-01/20230907-113.jpg""><br> <img src=""https://img.mdeco.kr/2023-09-01/20230907-114.jpg""><br> <img src=""https://img.mdeco.kr/2023-09-01/20230907-376.jpg""><br> <img src=""https://img.mdeco.kr/2023-09-01/20230907-377.jpg""><br> <img src=""https://img.mdeco.kr/2023-09-01/20230907-397.jpg""><br> <br> <img src=""https://img.mdeco.kr/1-8image/all.jpg""><br></p>",1694070907129i0.jpg,1694070907118s0.jpg,1694070907950m0.jpg,1694070907973l0.jpg,,0000-00-00,1,0,,double,색상(Color),바이올렛^^6400^8000^0^0^1480^0|라벤더^^6400^8000^0^0^1480^0|블루^^6400^8000^0^0^1480^0|퍼플^^6400^8000^0^0^1480^0|화이트^^6400^8000^0^0^1480^0|LT핑크^^6400^8000^0^0^1480^0,수량^o,수량^낱개 주문 시^0|수량^24개 세트 (박스) 주문 시^113600,,,,,,,,1,,,801.000.0032(24/288),N,0,,,,,0000-00-00,0000-00-00,0000-00-00,,0,,,,,img_i,img_s,img_m,img_l,0,0,0,0,,,,,Y,0,0,,N,Y
73110,조화 스카비오사 스프레이 솔체꽃 61cm 12개 세트 6색 택1 인조 조화꽃 소재 꽃장식 연출 고급조화,022|022060|022060023,,,mdeco.co.kr(L),0,1,0,0,,,,"<b>▒ 제품 설명</b><br> 6가지 색상 입니다.<br> 주문 시 색상을 선택하여 주세요.<br> <br>색상별 각 12개 세트로 배송되는 제품 입니다.<br> <br> <br> <br> <br> <br> <b>▒ 제품 사이즈</b><br> 길이 : 61cm 가량<br> 가로폭 : 15cm 가량<br> 연출하시는 방법에 따라 크기의 변동폭이 크답니다.<br> 참고하셔서 주문주세요.<br> (보통 가로 사이즈는 바닥에 놓은 상태에서 측정하고 있답니다.)<br> <br> <br> <br> <br> <br> <img src=""https://img.mdeco.kr/2023-08-01/20230809-322.jpg""><br> <img src=""https://img.mdeco.kr/2023-08-01/20230809-002.jpg""><br> <img src=""https://img.mdeco.kr/2023-08-01/20230809-323.jpg""><br> <img src=""https://img.mdeco.kr/2023-08-01/20230809-324.jpg""><br> <img src=""https://img.mdeco.kr/2023-08-01/20230809-325.jpg""><br> <img src=""https://img.mdeco.kr/2023-08-01/20230809-326.jpg""><br> <img src=""https://img.mdeco.kr/2023-08-01/20230809-327.jpg""><br> <img src=""https://img.mdeco.kr/2023-08-01/20230809-328.jpg""><br> <img src=""https://img.mdeco.kr/2023-08-01/20230809-329.jpg""><br> <img src=""https://img.mdeco.kr/2023-08-01/20230809-330.jpg""><br> <img src=""https://img.mdeco.kr/2023-08-01/20230809-331.jpg""><br> <img src=""https://img.mdeco.kr/2023-08-01/20230809-332.jpg""><br> <img src=""https://img.mdeco.kr/2023-08-01/20230809-333.jpg""><br> <img src=""https://img.mdeco.kr/2023-08-01/20230809-334.jpg""><br> <img src=""https://img.mdeco.kr/2023-08-01/20230809-335.jpg""><br> <img src=""https://img.mdeco.kr/2023-08-01/20230809-336.jpg""><br> <img src=""https://img.mdeco.kr/2023-08-01/20230809-337.jpg""><br> <img src=""https://img.mdeco.kr/2023-08-01/20230809-001.jpg""><br> <img src=""https://img.mdeco.kr/2023-08-01/20230809-042.jpg""><br> <img src=""https://img.mdeco.kr/2023-08-01/20230809-043.jpg""><br> <img src=""https://img.mdeco.kr/2023-08-01/20230809-044.jpg""><br> <img src=""https://img.mdeco.kr/2023-08-01/20230809-054.jpg""><br> <br><img src=""https://img.mdeco.kr/0-thereals/peony.jpg""> <img src=""https://img.mdeco.kr/1-8image/all.jpg""><br>",1691550136495i0.jpg,1691550136942s0.jpg,1691550136761m0.jpg,1691550136735l0.jpg,,0000-00-00,1,0,,double,색상(Color),블루^^59800^66000^0^0^1480^0|퍼플^^59800^66000^0^0^1480^0|라벤더^^59800^66000^0^0^1480^0|뷰티^^59800^66000^0^0^1480^0|LT핑크^^59800^66000^0^0^1480^0|크림^^59800^66000^0^0^1480^0,^,,,,,,,,,1,,,OTC-1202(12/144),N,0,,,,,0000-00-00,0000-00-00,0000-00-00,,0,,,,,img_i,img_s,img_m,img_l,0,0,0,0,,,,,Y,0,0,,N,Y
73006,PVC 파스텔 조화 자리공 장녹수 열매 부쉬 32cm 36개 세트 4색 택1 인조 베리 스프레이 꽃장식 조화꽃 소재,022|022060|022060023,,,mdeco.co.kr(c),0,1,0,0,,,,"<b>▒ 제품 설명</b><br> 4가지 색상 입니다.<br> 주문 시 색상을 선택하여 주세요.<br> <br>색상별 각 36개 세트로 배송되는 제품 입니다.<br> <br> <br> <br> <br> <br> <br> <br> <b>▒ 제품 사이즈</b><br> 길이 : 32cm 가량<br> 가로폭 : 16cm 가량<br> 연출하시는 방법에 따라 크기의 변동폭이 크답니다.<br> 참고하셔서 주문주세요.<br> (보통 가로 사이즈는 바닥에 놓은 상태에서 측정하고 있답니다.)<br> <br> <br> <br> <br> <br> <br> <br> <img src=""http://img.mdeco.kr/1-8image/m-fower.jpg""><br> <br> <img src=""https://img.mdeco.kr/2023-07-06/20230724-013.jpg""><br> <img src=""https://img.mdeco.kr/2023-07-06/20230724-025.jpg""><br> <img src=""https://img.mdeco.kr/2023-07-06/20230724-014.jpg""><br> <img src=""https://img.mdeco.kr/2023-07-06/20230724-015.jpg""><br> <img src=""https://img.mdeco.kr/2023-07-06/20230724-016.jpg""><br> <img src=""https://img.mdeco.kr/2023-07-06/20230724-017.jpg""><br> <img src=""https://img.mdeco.kr/2023-07-06/20230724-018.jpg""><br> <img src=""https://img.mdeco.kr/2023-07-06/20230724-019.jpg""><br> <img src=""https://img.mdeco.kr/2023-07-06/20230724-020.jpg""><br> <img src=""https://img.mdeco.kr/2023-07-06/20230724-021.jpg""><br> <img src=""https://img.mdeco.kr/2023-07-06/20230724-022.jpg""><br> <img src=""https://img.mdeco.kr/2023-07-06/20230724-023.jpg""><br> <img src=""https://img.mdeco.kr/2023-07-06/20230724-024.jpg""><br> <img src=""https://img.mdeco.kr/2023-07-06/20230724-026.jpg""><br> <img src=""https://img.mdeco.kr/2023-07-06/20230724-173.jpg""><br> <img src=""https://img.mdeco.kr/2023-07-06/20230724-174.jpg""><br> <img src=""https://img.mdeco.kr/2023-07-06/20230724-175.jpg""><br> <img src=""https://img.mdeco.kr/2023-07-06/20230724-176.jpg""><br> <img src=""https://img.mdeco.kr/2023-07-06/20230724-203.jpg""><br> <img src=""https://img.mdeco.kr/2023-07-06/20230724-204.jpg""><br> <br><img src=""https://img.mdeco.kr/0-thereals/etcfruit.jpg""> <img src=""https://img.mdeco.kr/1-8image/all.jpg""><br>",169016771919i0.jpg,1690167719166s0.jpg,1690167719786m0.jpg,1690167719437l0.jpg,,0000-00-00,1,0,,double,색상(Color),퍼플^^79200^0^0^0^1480^0|옐로우^^79200^0^0^0^1480^0|핑크^^79200^0^0^0^1480^0|화이트^^79200^0^0^0^1480^0,^,,,,,,,,,1,,,AHB1123-220-5,N,0,,,,,0000-00-00,0000-00-00,0000-00-00,,0,,,,,img_i,img_s,img_m,img_l,0,0,0,0,,,,,Y,0,0,,N,Y
72877,조화 자리공 장녹수 장록수 부쉬 43cm 12개 세트 3색 택1 인조 베리 스프레이 꽃장식 조화꽃 소재,022|022060|022060023,,,mdeco.co.kr(ws.zz),0,1,0,0,,,,"<p><b>▒ 제품 설명</b><br> 3가지 색상 입니다.<br> 주문 시 색상을 선택하여 주세요.<br> <br>색상별 각 12개 세트로 배송되는 제품 입니다.<br> <br> <br> <br> <br> <br> <br> <b>▒ 제품 사이즈</b><br> 길이 : 43cm 가량<br> 가로폭 : 24cm 가량<br> 연출하시는 방법에 따라 크기의 변동폭이 크답니다.<br> 참고하셔서 주문주세요.<br> (보통 가로 사이즈는 바닥에 놓은 상태에서 측정하고 있답니다.)<br> <br> <br> <br> <br> <br> <img src=""https://img.mdeco.kr/1-8image/1-ws.jpg""><br> <br> <img src=""https://img.mdeco.kr/2023-07-02/20230712-255.jpg""><br> <img src=""https://img.mdeco.kr/2023-07-02/20230712-257.jpg""><br> <img src=""https://img.mdeco.kr/2023-07-02/20230712-256.jpg""><br> <img src=""https://img.mdeco.kr/2023-07-02/20230712-258.jpg""><br> <img src=""https://img.mdeco.kr/2023-07-02/20230712-259.jpg""><br> <img src=""https://img.mdeco.kr/2023-07-02/20230712-260.jpg""><br> <img src=""https://img.mdeco.kr/2023-07-02/20230712-261.jpg""><br> <img src=""https://img.mdeco.kr/2023-07-02/20230712-262.jpg""><br> <img src=""https://img.mdeco.kr/2023-07-02/20230712-263.jpg""><br> <img src=""https://img.mdeco.kr/2023-07-02/20230712-264.jpg""><br> <img src=""https://img.mdeco.kr/2023-07-02/20230712-265.jpg""><br> <img src=""https://img.mdeco.kr/2023-07-02/20230712-266.jpg""><br> <img src=""https://img.mdeco.kr/2023-07-02/20230712-267.jpg""><br> <img src=""https://img.mdeco.kr/2023-07-02/20230712-268.jpg""><br> <img src=""https://img.mdeco.kr/2023-07-02/20230712-043.jpg""><br> <img src=""https://img.mdeco.kr/2023-07-02/20230712-044.jpg""><br> <img src=""https://img.mdeco.kr/2023-07-02/20230712-045.jpg""><br> <img src=""https://img.mdeco.kr/2023-07-02/20230712-046.jpg""><br> <img src=""https://img.mdeco.kr/2023-07-02/20230712-047.jpg""><br> <img src=""https://img.mdeco.kr/2023-07-02/20230712-048.jpg""><br> <img src=""https://img.mdeco.kr/2023-07-02/20230712-157.jpg""><br> <img src=""https://img.mdeco.kr/2023-07-02/20230712-158.jpg""><br> <br> <img src=""https://img.mdeco.kr/1-8image/all.jpg""><br></p>",1689151099272i0.jpg,1689151099753s0.jpg,1689151099941m0.jpg,1689151099894l0.jpg,,0000-00-00,1,1,,double,색상(Color),라벤더^^64800^0^0^0^0^0|크림^^64800^0^0^0^0^0|핑크^^64800^0^0^0^0^0,^,,,,,,,,,1,,,WB-00127(12/216),N,0,,,,,0000-00-00,0000-00-00,0000-00-00,,0,,,,,img_i,img_s,img_m,img_l,0,0,0,0,,,,,Y,0,0,,N,Y
71889,스카비오사 스프레이 80cm 12개 세트 5색 택1 인조 조화꽃 소재 꽃장식 연출,022|022060023|022060,,,mdeco.co.kr(JH),0,1,0,0,,,,"<p><b>▒ 제품 설명</b><br>색상별 각 12개 세트로 배송되는 제품 입니다.<br> <br> <br> <br> <br> <br> <br> <b>▒ 제품 사이즈</b><br> 길이 : 80cm 가량<br> 가로폭 : 18cm 가량<br> 연출하시는 방법에 따라 크기의 변동폭이 크답니다.<br> 참고하셔서 주문주세요.<br> (보통 가로 사이즈는 바닥에 놓은 상태에서 측정하고 있답니다.)<br> <br> <br> <br> <br> <br> <br> <img src=""https://img.mdeco.kr/2022-10-23/20221101-096.jpg""><br> <img src=""https://img.mdeco.kr/2022-10-23/20221101-098.jpg""><br> <img src=""https://img.mdeco.kr/2022-10-23/20221101-097.jpg""><br> <img src=""https://img.mdeco.kr/2022-10-23/20221101-099.jpg""><br> <img src=""https://img.mdeco.kr/2022-10-23/20221101-100.jpg""><br> <img src=""https://img.mdeco.kr/2022-10-23/20221101-101.jpg""><br> <img src=""https://img.mdeco.kr/2022-10-23/20221101-102.jpg""><br> <img src=""https://img.mdeco.kr/2022-10-23/20221101-103.jpg""><br> <img src=""https://img.mdeco.kr/2022-10-23/20221101-104.jpg""><br> <img src=""https://img.mdeco.kr/2022-10-23/20221101-105.jpg""><br> <img src=""https://img.mdeco.kr/2022-10-23/20221101-106.jpg""><br> <img src=""https://img.mdeco.kr/2022-10-23/20221101-107.jpg""><br> <img src=""https://img.mdeco.kr/2022-10-23/20221101-108.jpg""><br> <img src=""https://img.mdeco.kr/2022-10-23/20221101-109.jpg""><br> <img src=""https://img.mdeco.kr/2022-10-23/20221101-349.jpg""><br> <img src=""https://img.mdeco.kr/2022-10-23/20221101-350.jpg""><br> <img src=""https://img.mdeco.kr/2022-10-23/20221101-429.jpg""><br> <br><img src=""https://img.mdeco.kr/0-thereals/peony.jpg""> <img src=""https://img.mdeco.kr/1-8image/all.jpg""><br></p>",1667293166561i0.jpg,1667293166761s0.jpg,166729316674m0.jpg,1667293166949l0.jpg,,0000-00-00,1,0,,double,색상(Color),퍼플^^79200^0^0^0^1480^0|블루^^79200^0^0^0^1480^0|크림^^79200^0^0^0^1480^0|LT퍼플^^79200^0^0^0^1480^0|바이올렛^^79200^0^0^0^1480^0,^,,,,,,,,,1,,,,N,0,,,,,0000-00-00,0000-00-00,0000-00-00,,0,,,,,img_i,img_s,img_m,img_l,0,0,0,0,,,,,Y,0,0,,N,Y
71316,조화 꽃 자리공 장녹수 장록수 열매 가지 66cm 4색 택1 24개 세트 인조 베리 스프레이 꽃장식 조화꽃 소재,022060|022060023|022,,,mdeco.co.kr(L),0,1,0,0,,,,"<b>▒ 제품 설명</b><br>24개 세트로 배송되는 제품 입니다.<br> <br> <br> <br> <br> <br> <br> <br> <b>▒ 제품 사이즈</b><br> 길이 : 66cm 가량<br> 가로폭 : 17cm 가량<br> 연출하시는 방법에 따라 크기의 변동폭이 크답니다.<br> 참고하셔서 주문주세요.<br> (보통 가로 사이즈는 바닥에 놓은 상태에서 측정하고 있답니다.)<br> <br> <br> <br> <br> <br> <br> <br> <br> <img src=""https://img.mdeco.kr/2022-10-01/20220930-321.jpg""><br> <img src=""https://img.mdeco.kr/2022-10-01/20220930-322.jpg""><br> <img src=""https://img.mdeco.kr/2022-10-01/20220930-323.jpg""><br> <img src=""https://img.mdeco.kr/2022-10-01/20220930-324.jpg""><br> <img src=""https://img.mdeco.kr/2022-10-01/20220930-325.jpg""><br> <img src=""https://img.mdeco.kr/2022-10-01/20220930-326.jpg""><br> <img src=""https://img.mdeco.kr/2022-10-01/20220930-327.jpg""><br> <img src=""https://img.mdeco.kr/2022-10-01/20220930-328.jpg""><br> <img src=""https://img.mdeco.kr/2022-10-01/20220930-329.jpg""><br> <img src=""https://img.mdeco.kr/2022-10-01/20220930-330.jpg""><br> <img src=""https://img.mdeco.kr/2022-10-01/20220930-331.jpg""><br> <img src=""https://img.mdeco.kr/2022-10-01/20220930-332.jpg""><br> <img src=""https://img.mdeco.kr/2022-10-02/20221004-100.jpg""><br> <img src=""https://img.mdeco.kr/2022-10-02/20221004-101.jpg""><br> <img src=""https://img.mdeco.kr/2022-10-02/20221004-196.jpg""><br> <br><img src=""https://img.mdeco.kr/0-thereals/etcfruit.jpg""> <img src=""https://img.mdeco.kr/1-8image/all.jpg""><br>",166450651398i0.jpg,16645065130s0.jpg,1664506513894m0.jpg,1664506513276l0.jpg,,0000-00-00,1,0,,single,,^^96000^0^0^0^1480^0,색상(Color)^o,색상(Color)^바이올렛^0|색상(Color)^피치^0|색상(Color)^퍼플^0|색상(Color)^크림^0,,,,,,,,1,,,OTC-1113,N,0,,,,,0000-00-00,0000-00-00,0000-00-00,,0,,,,,img_i,img_s,img_m,img_l,0,0,0,0,,,,,Y,0,0,,N,Y
71132,조화 꽃 자리공 장녹수 장록수 열매 가지 옐로우 77cm 인조 베리 스프레이 꽃장식 조화꽃 소재,022|022060023|022060,,,mdeco.co.kr(j),0,1,0,0,,,,"<p><b>▒ 제품 설명</b><br> 낱개 주문시 4,800원<br>24개 세트 주문시 86,400원<br> <br> <br> <br> <br> <br> <br> <br> <b>▒ 제품 사이즈</b><br> 길이 : 77cm 가량<br> 가로폭 : 17cm 가량<br> 연출하시는 방법에 따라 크기의 변동폭이 크답니다.<br> 참고하셔서 주문주세요.<br> (보통 가로 사이즈는 바닥에 놓은 상태에서 측정하고 있답니다.)<br> <br> <br> <br> <br> <br> <br> <br> <img src=""https://img.mdeco.kr/1-8image/j-flower.jpg""><br> <br> <img src=""https://img.mdeco.kr/2022-09-03/20220916-009.jpg""><br> <img src=""https://img.mdeco.kr/2022-09-03/20220916-010.jpg""><br> <img src=""https://img.mdeco.kr/2022-09-03/20220916-011.jpg""><br> <img src=""https://img.mdeco.kr/2022-09-03/20220916-012.jpg""><br> <img src=""https://img.mdeco.kr/2022-09-03/20220916-116.jpg""><br> <img src=""https://img.mdeco.kr/2022-09-03/20220916-117.jpg""><br> <img src=""https://img.mdeco.kr/2022-09-03/20220916-145.jpg""><br> <br><img src=""https://img.mdeco.kr/0-thereals/etcfruit.jpg""> <img src=""https://img.mdeco.kr/1-8image/all.jpg""><br></p>",1663306415520i0.jpg,1663306415780s0.jpg,1663306415139m0.jpg,1663306415486l0.jpg,,0000-00-00,1,0,,single,,^^4800^6000^0^0^1480^0,수량^o,수량^낱개 주문 시^0|수량^24개 세트 (박스) 주문 시^81600,,,,,,,,1,,,361.000.0111(24/288),N,0,,,,,0000-00-00,0000-00-00,0000-00-00,,1,,,,,img_i,img_s,img_m,img_l,0,0,0,0,,,,,Y,0,0,,N,Y
70589,조화 스카비오사 꽃 솔체꽃 서양체꽃 조화꽃 가지 64cm 24개 세트 6색 택1 꽃장식 고급 예쁜조화,022060023|022060|022,,,mdeco.co.kr(c),0,1,0,0,,,,"<p><b>▒ 제품 설명</b><br> 6가지 색상 입니다.<br> 주문 시 색상을 선택하여 주세요.<br> <br>24개 세트로 배송되는 제품 입니다.<br> <br> <br> <br> <br> <br> <br> <b>▒ 제품 사이즈</b><br> 길이 : 64cm 가량<br> 가로폭 : 13cm 가량<br> 연출하시는 방법에 따라 크기의 변동폭이 크답니다.<br> 참고하셔서 주문주세요.<br> (보통 가로 사이즈는 바닥에 놓은 상태에서 측정하고 있답니다.)<br> <br> <br> <br> <br> <br> <br> <img src=""https://img.mdeco.kr/2022-07-05/20220712-097.jpg""><br> <img src=""https://img.mdeco.kr/2022-07-05/20220712-099.jpg""><br> <img src=""https://img.mdeco.kr/2022-07-05/20220712-098.jpg""><br> <img src=""https://img.mdeco.kr/2022-07-05/20220712-100.jpg""><br> <img src=""https://img.mdeco.kr/2022-07-05/20220712-101.jpg""><br> <img src=""https://img.mdeco.kr/2022-07-05/20220712-102.jpg""><br> <img src=""https://img.mdeco.kr/2022-07-05/20220712-103.jpg""><br> <img src=""https://img.mdeco.kr/2022-07-05/20220712-104.jpg""><br> <img src=""https://img.mdeco.kr/2022-07-05/20220712-105.jpg""><br> <img src=""https://img.mdeco.kr/2022-07-05/20220712-106.jpg""><br> <img src=""https://img.mdeco.kr/2022-07-05/20220712-107.jpg""><br> <img src=""https://img.mdeco.kr/2022-07-05/20220712-108.jpg""><br> <img src=""https://img.mdeco.kr/2022-07-05/20220712-109.jpg""><br> <img src=""https://img.mdeco.kr/2022-07-05/20220712-110.jpg""><br> <img src=""https://img.mdeco.kr/2022-07-05/20220712-111.jpg""><br> <img src=""https://img.mdeco.kr/2022-07-05/20220712-112.jpg""><br> <img src=""https://img.mdeco.kr/2022-07-05/20220712-270.jpg""><br> <img src=""https://img.mdeco.kr/2022-07-05/20220712-271.jpg""><br> <img src=""https://img.mdeco.kr/2022-07-05/20220712-272.jpg""><br> <img src=""https://img.mdeco.kr/2022-07-05/20220712-273.jpg""><br> <img src=""https://img.mdeco.kr/2022-07-05/20220712-274.jpg""><br> <img src=""https://img.mdeco.kr/2022-07-05/20220712-331.jpg""><br> <br><img src=""https://img.mdeco.kr/0-thereals/peony.jpg""> <img src=""https://img.mdeco.kr/1-8image/all.jpg""><br></p>",165761630036i0.jpg,1657616300754s0.jpg,1657616300314m0.jpg,1657616300404l0.jpg,,0000-00-00,1,0,,single,,^^153600^0^0^0^1480^0,색상(Color)^o,색상(Color)^퍼플^0|색상(Color)^뷰티^0|색상(Color)^핑크^0|색상(Color)^화이트^0|색상(Color)^옐로우^0|색상(Color)^오렌지^0,,,,,,,,1,,,TM-T1360(JS 1882 1883 1884 1896 1898 1899),N,0,,,,,0000-00-00,0000-00-00,0000-00-00,,0,,,,,img_i,img_s,img_m,img_l,0,0,0,0,,,,,Y,0,0,,N,Y
67804,조화 스카비오사 꽃 솔체꽃 서양체꽃 조화꽃 스프레이 74cm 36개 세트 4색 택1 인조 꽃장식 고급조화 예쁜조화,022060023|022060|022,,,mdeco.co.kr(dy),0,1,0,0,,,,"<p><b>▒ 제품 설명</b><br> 4가지 색상 입니다.<br> 주문 시 색상을 선택하여 주세요.<br> <br>36개 세트로 배송되는 제품 입니다.<br> <br> <br> <br> <br> <br> <br> <b>▒ 제품 사이즈</b><br> 길이 : 74cm 가량<br> 가로폭 : 17cm 가량<br> 연출하시는 방법에 따라 크기의 변동폭이 크답니다.<br> 참고하셔서 주문주세요.<br> (보통 가로 사이즈는 바닥에 놓은 상태에서 측정하고 있답니다.)<br> <br> <br> <br> <br> <br> <br> <img src=""https://img.mdeco.kr/2021-06-06/20210618-139.jpg""><br> <img src=""https://img.mdeco.kr/2021-06-06/20210618-141.jpg""><br> <img src=""https://img.mdeco.kr/2021-06-06/20210618-140.jpg""><br> <img src=""https://img.mdeco.kr/2021-06-06/20210618-142.jpg""><br> <img src=""https://img.mdeco.kr/2021-06-06/20210618-143.jpg""><br> <img src=""https://img.mdeco.kr/2021-06-06/20210618-144.jpg""><br> <img src=""https://img.mdeco.kr/2021-06-06/20210618-145.jpg""><br> <img src=""https://img.mdeco.kr/2021-06-06/20210618-146.jpg""><br> <img src=""https://img.mdeco.kr/2021-06-06/20210618-147.jpg""><br> <img src=""https://img.mdeco.kr/2021-06-06/20210618-148.jpg""><br> <img src=""https://img.mdeco.kr/2021-06-06/20210618-149.jpg""><br> <img src=""https://img.mdeco.kr/2021-06-06/20210618-150.jpg""><br> <img src=""https://img.mdeco.kr/2021-06-06/20210618-151.jpg""><br> <img src=""https://img.mdeco.kr/2021-06-06/20210618-152.jpg""><br> <img src=""https://img.mdeco.kr/2021-06-06/20210618-153.jpg""><br> <img src=""https://img.mdeco.kr/2021-06-06/20210618-154.jpg""><br> <img src=""https://img.mdeco.kr/2021-06-06/20210618-464.jpg""><br> <img src=""https://img.mdeco.kr/2021-06-06/20210618-465.jpg""><br> <img src=""https://img.mdeco.kr/2021-06-06/20210618-466.jpg""><br> <img src=""https://img.mdeco.kr/2021-06-06/20210618-561.jpg""><br> <img src=""https://img.mdeco.kr/2021-06-06/20210618-562.jpg""><br> <br><img src=""https://img.mdeco.kr/0-thereals/peony.jpg""> <img src=""https://img.mdeco.kr/1-8image/all.jpg""><br></p>",1624002456550i0.jpg,1624002456647s0.jpg,1624002456225m0.jpg,1624002456273l0.jpg,,0000-00-00,1,0,o,double,색상(Color),블루^^216000^216000^0^0^0^0|크림^^216000^216000^0^0^0^0|핑크^^216000^216000^0^0^1480^0|핫핑크^^216000^216000^0^0^0^0,^,,,,,,,,,1,,,DS-260(36/360),N,0,,,,,0000-00-00,0000-00-00,0000-00-00,,0,,,,,img_i,img_s,img_m,img_l,0,0,0,0,,,,,Y,0,0,,N,Y
66711,조화 스카비오사 꽃 솔체꽃 서양체꽃 조화꽃 스프레이 57cm 5색 택1 인조 꽃장식 고급조화 예쁜조화,022060023|022060|022,,,mdeco.co.kr(j),0,1,0,0,,,,"<b>▒ 제품 설명</b><br> 낱개 1개씩 주문시 개당 4,800원<br>36개 세트로 주문시 129,600원<br> <br> <br> <br> <br> <br> <br> <b>▒ 제품 사이즈</b><br> 길이 : 57cm 가량<br> 가로폭 : 15cm 가량<br> 연출하시는 방법에 따라 크기의 변동폭이 크답니다.<br> 참고하셔서 주문주세요.<br> (보통 가로 사이즈는 바닥에 놓은 상태에서 측정하고 있답니다.)<br> <br> <br> <br> <br> <br> <br> <img src=""https://img.mdeco.kr/1-8image/j-flower.jpg""><br> <br> <img src=""https://img.mdeco.kr/2021-02-08/20210218-004.jpg""><br> <img src=""https://img.mdeco.kr/2021-02-08/20210218-006.jpg""><br> <img src=""https://img.mdeco.kr/2021-02-08/20210218-005.jpg""><br> <img src=""https://img.mdeco.kr/2024-01-09/20240124-012-1.jpg""><br> <img src=""https://img.mdeco.kr/2024-01-09/20240124-013.jpg""><br> <img src=""https://img.mdeco.kr/2024-01-09/20240124-014.jpg""><br> <img src=""https://img.mdeco.kr/2024-01-09/20240124-015.jpg""><br> <img src=""https://img.mdeco.kr/2021-02-08/20210218-007.jpg""><br> <img src=""https://img.mdeco.kr/2021-02-08/20210218-008.jpg""><br> <img src=""https://img.mdeco.kr/2021-02-08/20210218-009.jpg""><br> <img src=""https://img.mdeco.kr/2021-02-08/20210218-010.jpg""><br> <img src=""https://img.mdeco.kr/2021-02-08/20210218-011.jpg""><br> <img src=""https://img.mdeco.kr/2021-02-08/20210218-012.jpg""><br> <img src=""https://img.mdeco.kr/2021-02-08/20210218-013.jpg""><br> <img src=""https://img.mdeco.kr/2021-02-08/20210218-014.jpg""><br> <img src=""https://img.mdeco.kr/2021-02-08/20210218-015.jpg""><br> <img src=""https://img.mdeco.kr/2021-02-08/20210218-016.jpg""><br> <img src=""https://img.mdeco.kr/2021-02-08/20210218-145.jpg""><br> <img src=""https://img.mdeco.kr/2021-02-08/20210218-146.jpg""><br> <img src=""https://img.mdeco.kr/2024-01-09/20240124-226.jpg""><br> <img src=""https://img.mdeco.kr/2024-01-09/20240124-227.jpg""><br> <img src=""https://img.mdeco.kr/2021-02-08/20210218-205.jpg""><br> <br><img src=""https://img.mdeco.kr/0-thereals/peony.jpg""> <img src=""https://img.mdeco.kr/1-8image/all.jpg""><br>",1706071571406i0.jpg,170607157193s0.jpg,1706071571797m0.jpg,1706071571699l0.jpg,,,1,0,,single,,^^4800^6000^0^0^14800^0,색상(Color)^o|수량^o,색상(Color)^옐로우^0|색상(Color)^화이트^0|색상(Color)^LT퍼플^0|색상(Color)^블루 - 품절^0|색상(Color)^퍼플^0|색상(Color)^플럼^0|수량^낱개 주문 시^0|수량^36개 세트(박스) 주문 시^124800,,,,,,,,1,,,"247.000.0064(36/288), 485.000.0271(36/288)",N,0,,,,,,,,,0,,,,,img_i,img_s,img_m,img_l,,,0,,,,,,Y,0,0,,N,Y
66234,조화 스카비오사 꽃 솔체꽃 서양체꽃 조화꽃 스프레이 55.5cm 48개 세트 4색 택1 인조 꽃장식 고급조화 예쁜조화,022060|022060023|022,,,mdeco.co.kr(JH),0,1,0,0,,,,"<b>▒ 제품 설명</b><br>4가지 색상 입니다.<br> 주문 시 색상을 선택하여 주세요.<br> <br> 각 색상별<br>48개 세트로 배송되는 제품 입니다.<br> <br> <br> <br> <br> <br> <br> <b>▒ 제품 사이즈</b><br> 길이 : 55.5cm 가량<br> 가로폭 : 11.5cm 가량<br> 연출하시는 방법에 따라 크기의 변동폭이 크답니다.<br> 참고하셔서 주문주세요.<br> (보통 가로 사이즈는 바닥에 놓은 상태에서 측정하고 있답니다.)<br> <br> <br> <br> <br> <br> <br> <img src=""http://img.mdeco.kr/2020-11-06/20201130-012.jpg""><br> <img src=""http://img.mdeco.kr/2020-11-06/20201130-014.jpg""><br> <img src=""http://img.mdeco.kr/2020-11-06/20201130-013.jpg""><br> <img src=""http://img.mdeco.kr/2020-11-06/20201130-015.jpg""><br> <img src=""http://img.mdeco.kr/2020-11-06/20201130-016.jpg""><br> <img src=""http://img.mdeco.kr/2020-11-06/20201130-017.jpg""><br> <img src=""http://img.mdeco.kr/2020-11-06/20201130-018.jpg""><br> <img src=""http://img.mdeco.kr/2020-11-06/20201130-019.jpg""><br> <img src=""http://img.mdeco.kr/2020-11-06/20201130-124.jpg""><br> <img src=""http://img.mdeco.kr/2020-11-06/20201130-125.jpg""><br> <img src=""http://img.mdeco.kr/2020-11-06/20201130-126.jpg""><br> <img src=""http://img.mdeco.kr/2020-11-06/20201130-127.jpg""><br> <img src=""http://img.mdeco.kr/2020-11-06/20201130-128.jpg""><br> <img src=""http://img.mdeco.kr/2020-11-06/20201130-171.jpg""><br> <br> <img src=""https://img.mdeco.kr/0-thereals/peony.jpg""> <img src=""http://img.mdeco.kr/1-8image/all.jpg""><br>",1606294967395i0.jpg,1606294967386s0.jpg,1606294967443m0.jpg,1606294967502l0.jpg,,0000-00-00,1,0,,single,,^^162200^163200^0^0^14800^0,색상(Color)^o,색상(Color)^핑크^0|색상(Color)^화이트^0|색상(Color)^퍼플^0|색상(Color)^블루^0,,,,,,,,1,,,,N,0,,,,,0000-00-00,0000-00-00,0000-00-00,,0,,,,,img_i,img_s,img_m,img_l,0,0,0,0,,,,,Y,0,0,,N,Y
64650,조화 꽃 자리공 장녹수 장록수 열매 부쉬 36cm 36개 세트 인조 베리 꽃장식 조화꽃 소재,022060023|022060|022,,,mdeco.co.kr(21),0,1,0,0,,,,"<b>▒ 제품 설명</b><br>36개 세트로 배송되는 제품 입니다.<br> <br> <br> <br> <br> <br> <b>▒ 제품 사이즈</b><br> 길이 : 36cm 가량<br> 가로폭 : 14cm 가량<br> 연출하시는 방법에 따라 크기의 변동폭이 크답니다.<br> 참고하셔서 주문주세요.<br> (보통 가로 사이즈는 바닥에 놓은 상태에서 측정하고 있답니다.)<br> <br> <br> <br> <br> <br> <img src=""https://img.mdeco.kr/2020-06-02/20200611-011.jpg""><br> <img src=""https://img.mdeco.kr/2020-06-02/20200611-012.jpg""><br> <img src=""https://img.mdeco.kr/2020-06-02/20200611-013.jpg""><br> <img src=""https://img.mdeco.kr/2020-06-02/20200611-014.jpg""><br> <img src=""https://img.mdeco.kr/2020-06-02/20200611-015.jpg""><br> <img src=""https://img.mdeco.kr/2020-06-02/20200611-344.jpg""><br> <img src=""https://img.mdeco.kr/2020-06-02/20200611-345.jpg""><br> <img src=""https://img.mdeco.kr/2020-06-02/20200611-447.jpg""><br> <img src=""https://img.mdeco.kr/2020-06-02/20200611-448.jpg""><br> <br> <img src=""https://img.mdeco.kr/0-thereals/etcfruit.jpg""> <img src=""https://img.mdeco.kr/1-8image/all.jpg""><br>",1591860158800i0.jpg,1591860158548s0.jpg,1591860158129m0.jpg,1591860158420l0.jpg,,,1,0,,single,,^^121400^122400^0^0^14800^0,^,,,,,,,,,1,,,S.005.0825(36/360),N,0,,,,,,,,,0,,,,,img_i,img_s,img_m,img_l,,,0,,,,,,Y,0,0,,N,Y
63589,조화 스카비오사 꽃 솔체꽃 서양체꽃 조화꽃 스프레이 77cm 4색 택1 각12개 세트 인조 꽃장식 고급조화 예쁜조화,022|022060|022060023,,,mdeco.co.kr(e),0,1,0,0,,,,"<b>▒ 제품 설명</b><br>4가지 색상입니다.<br> 주문시 색상을 선택하여 주세요.<br> 각 색상별 12개 세트로 배송되는 제품 입니다.<br> <br> <br> <br> <br> <b>▒ 제품 사이즈</b><br> 길이 : 77cm 가량<br> 가로폭 : 15cm 가량<br> 연출하시는 방법에 따라 크기의 변동폭이 크답니다. 참고하셔서 주문주세요.<br> (보통 가로 사이즈는 바닥에 놓은 상태에서 측정하고 있답니다.)<br> <br> <br> <br> <br> <img src=""https://img.mdeco.kr/1-8image/2-e.jpg""><br> <br> <img src=""https://img.mdeco.kr/2020-01-05/20200131-334.jpg""><br> <img src=""https://img.mdeco.kr/2020-01-05/20200131-332.jpg""><br> <img src=""https://img.mdeco.kr/2020-01-05/20200131-333.jpg""><br> <img src=""https://img.mdeco.kr/2020-01-05/20200131-335.jpg""><br> <img src=""https://img.mdeco.kr/2020-01-05/20200131-337.jpg""><br> <img src=""https://img.mdeco.kr/2020-01-05/20200131-338.jpg""><br> <img src=""https://img.mdeco.kr/2020-01-05/20200131-339.jpg""><br> <img src=""https://img.mdeco.kr/2020-01-05/20200131-340.jpg""><br> <img src=""https://img.mdeco.kr/2020-01-05/20200131-336.jpg""><br> <img src=""https://img.mdeco.kr/2020-01-05/20200131-341.jpg""><br> <img src=""https://img.mdeco.kr/2020-01-05/20200131-342.jpg""><br> <img src=""https://img.mdeco.kr/2020-01-05/20200131-343.jpg""><br> <img src=""https://img.mdeco.kr/2020-01-05/20200131-344.jpg""><br> <img src=""https://img.mdeco.kr/2020-01-05/20200131-345.jpg""><br> <img src=""https://img.mdeco.kr/2020-01-05/20200131-346.jpg""><br> <img src=""https://img.mdeco.kr/2020-01-05/20200131-347.jpg""><br> <img src=""https://img.mdeco.kr/2020-01-05/20200131-348.jpg""><br> <img src=""https://img.mdeco.kr/2020-01-05/20200131-349.jpg""><br> <img src=""https://img.mdeco.kr/2020-01-05/20200131-350.jpg""><br> <img src=""https://img.mdeco.kr/2020-01-05/20200131-351.jpg""><br> <img src=""https://img.mdeco.kr/2020-01-05/20200131-352.jpg""><br> <img src=""https://img.mdeco.kr/2020-01-05/20200131-353.jpg""><br> <img src=""https://img.mdeco.kr/2020-01-05/20200131-508.jpg""><br> <img src=""https://img.mdeco.kr/2020-01-05/20200131-509.jpg""><br> <img src=""https://img.mdeco.kr/2020-01-05/20200131-510.jpg""><br> <img src=""https://img.mdeco.kr/2020-01-05/20200131-511.jpg""><br> <img src=""https://img.mdeco.kr/2020-01-05/20200131-512.jpg""><br> <img src=""https://img.mdeco.kr/2020-01-05/20200131-567.jpg""><br> <br><img src=""https://img.mdeco.kr/0-thereals/peony.jpg""> <img src=""https://img.mdeco.kr/1-8image/all.jpg""><br>",1580456115184i0.jpg,1580456115812s0.jpg,1580456115227m0.jpg,1580456115545l0.jpg,,0000-00-00,1,0,,single,,^^102200^103200^0^0^14800^0,색상(Color)^o,색상(Color)^피치 - 품절^0|색상(Color)^퍼플^0|색상(Color)^크림^0|색상(Color)^푸시아^0,,,,,,,,1,,,BY-0340,N,0,,,,,0000-00-00,0000-00-00,0000-00-00,,0,,,,,img_i,img_s,img_m,img_l,0,0,0,0,,,,,Y,0,0,,N,Y
63567,조화 꽃 자리공 장녹수 장록수 열매 가지 62cm 12개 세트인조 베리 스프레이 꽃장식 조화꽃 소재,022060023|022060|022,,,mdeco.co.kr(e),0,1,0,0,,,,"<b>▒ 제품 설명</b><br>12개 세트로 배송되는 제품 입니다.<br> <br> <br> <br> <br> <b>▒ 제품 사이즈</b><br> 길이 : 62cm 가량<br> 가로폭 : 15cm 가량<br> 연출하시는 방법에 따라 크기의 변동폭이 크답니다. 참고하셔서 주문주세요.<br> (보통 가로 사이즈는 바닥에 놓은 상태에서 측정하고 있답니다.)<br> <br> <br> <br> <br> <img src=""https://img.mdeco.kr/1-8image/2-e.jpg""><br> <br> <img src=""https://img.mdeco.kr/2020-01-05/20200131-132.jpg""><br> <img src=""https://img.mdeco.kr/2020-01-05/20200131-133.jpg""><br> <img src=""https://img.mdeco.kr/2020-01-05/20200131-134.jpg""><br> <img src=""https://img.mdeco.kr/2020-01-05/20200131-135.jpg""><br> <img src=""https://img.mdeco.kr/2020-01-05/20200131-437.jpg""><br> <img src=""https://img.mdeco.kr/2020-01-05/20200131-438.jpg""><br> <img src=""https://img.mdeco.kr/2020-01-05/20200131-546.jpg""><br> <img src=""https://img.mdeco.kr/0-thereals/etcfruit.jpg""><br /> <img src=""https://img.mdeco.kr/1-8image/all.jpg""><br>",158045578139i0.jpg,1580455781486s0.jpg,1580455781974m0.jpg,1580455781184l0.jpg,,0000-00-00,1,0,,single,,^^57600^0^0^0^14800^0,^,,,,,,,,,1,,,BY-0342,N,0,,,,,0000-00-00,0000-00-00,0000-00-00,,0,,,,,img_i,img_s,img_m,img_l,0,0,0,0,,,,,Y,0,0,,N,Y
60587,조화 꽃 자리공 장녹수 장록수 열매 가지 76cm 3색 택1 인조 베리 스프레이 꽃장식 조화꽃 소재,022060023|022060|022,,,mdeco.co.kr(z1핑크.j),0,1,0,0,,,,"<b>▒ 제품 설명</b><br> 낱개 1개씩 주문시 개당 4,800원<br>24개 세트로 주문시 86,400원<br> <br> <br> <br> <br> <b>▒ 제품 사이즈</b><br> 길이 : 76cm 가량<br> 가로 : 25cm 가량<br> <br> 연출하시는 방법에 따라 크기의 변동폭이 크답니다. 참고하셔서 주문주세요.<br> (보통 가로 사이즈는 바닥에 놓은 상태에서 측정하고 있답니다.)<br> <br> <br> <br> <br> <br> <img src=""https://img.mdeco.kr/1-8image/j-flower.jpg""><br> <br> <img src=""https://img.mdeco.kr/2019-02-02/20190213-050.jpg""><br> <img src=""https://img.mdeco.kr/2019-02-02/20190213-049.jpg""><br> <img src=""https://img.mdeco.kr/2019-02-02/20190213-051.jpg""><br> <img src=""https://img.mdeco.kr/2019-02-02/20190213-052.jpg""><br> <img src=""https://img.mdeco.kr/2019-02-02/20190213-053.jpg""><br> <img src=""https://img.mdeco.kr/2019-02-02/20190213-054.jpg""><br> <img src=""https://img.mdeco.kr/2019-02-02/20190213-055.jpg""><br> <img src=""https://img.mdeco.kr/2019-02-02/20190213-056.jpg""><br> <img src=""https://img.mdeco.kr/2019-02-02/20190213-057.jpg""><br> <img src=""https://img.mdeco.kr/2019-02-02/20190213-058.jpg""><br> <img src=""https://img.mdeco.kr/2019-02-02/20190213-103.jpg""><br> <img src=""https://img.mdeco.kr/2019-02-02/20190213-104.jpg""><br> <img src=""https://img.mdeco.kr/2019-02-02/20190213-105.jpg""><br> <img src=""https://img.mdeco.kr/2019-02-02/20190213-106.jpg""><br> <img src=""https://img.mdeco.kr/2019-02-02/20190213-128.jpg""><br> <img src=""https://img.mdeco.kr/0-thereals/etcfruit.jpg""><br> <img src=""https://img.mdeco.kr/1-8image/j2-flower.jpg""><br> <img src=""https://img.mdeco.kr/1-8image/all.jpg""><br>",1550023935206i0.jpg,1550023935593s0.jpg,1550023935280m0.jpg,1550023935209l0.jpg,,0000-00-00,1,0,,single,,^^4800^6000^0^0^14800^0,색상(Color)^o|수량^o,색상(Color)^핑크^0|색상(Color)^화이트^0|색상(Color)^퍼플^0|수량^낱개 주문 시^0|수량^24개 세트(박스) 주문 시^81600,,,,,,,,1,,,361.000.0111(24/288) (8F),N,0,,,,,0000-00-00,0000-00-00,0000-00-00,,0,,,,,img_i,img_s,img_m,img_l,0,0,0,0,,가짜꽃|조화꽃|인테리어|카페|축하|인조꽃|꽃다발|졸업식|입학식|성묘조화,,,Y,0,0,,N,Y
60428,조화 스카비오사 꽃 솔체꽃 서양체꽃 조화꽃 스프레이 75cm 3색 택1 각12개 세트 인조 꽃장식 고급조화 예쁜조화,022|022060|022060023,,,mdeco.co.kr(e),0,1,0,0,,,,"<b>▒ 제품 설명</b><br> 3가지 색상 입니다.<br> 주문 시 색상을 선택하여 주세요.<br> <br> 12개 세트로 배송되는 제품 입니다.<br> <br> <br> <br> <br> <b>▒ 제품 사이즈</b><br> 길이 : 75cm 가량<br> 가로폭 : 20cm 가량<br> <br> 연출하시는 방법에 따라 크기의 변동폭이 크답니다.<br> 참고하셔서 주문주세요.<br> (보통 가로 사이즈는 바닥에 놓은 상태에서 측정하고 있답니다.)<br> <img src=""https://img.mdeco.kr/1-8image/2-e.jpg"" style=""font-size: 13px; font-variant-numeric: normal; font-variant-east-asian: normal; border: medium none currentcolor; color: rgb(102, 102, 102); letter-spacing: -0.24px; vertical-align: middle;""><br> <br> <br> <br> <img src=""https://img.mdeco.kr/2019-01-21/20190128-366.jpg""><br> <img src=""https://img.mdeco.kr/2019-01-21/20190128-365.jpg""><br> <img src=""https://img.mdeco.kr/2019-01-21/20190128-367.jpg""><br> <img src=""https://img.mdeco.kr/2019-01-21/20190128-368.jpg""><br> <img src=""https://img.mdeco.kr/2019-01-21/20190128-369.jpg""><br> <img src=""https://img.mdeco.kr/2019-01-21/20190128-370.jpg""><br> <img src=""https://img.mdeco.kr/2019-01-21/20190128-371.jpg""><br> <img src=""https://img.mdeco.kr/2019-01-21/20190128-372.jpg""><br> <img src=""https://img.mdeco.kr/2019-01-21/20190128-373.jpg""><br> <img src=""https://img.mdeco.kr/2019-01-21/20190128-374.jpg""><br> <img src=""https://img.mdeco.kr/2019-01-21/20190128-528.jpg""><br> <img src=""https://img.mdeco.kr/2019-01-21/20190128-529.jpg""><br> <img src=""https://img.mdeco.kr/2019-01-21/20190128-530.jpg""><br> <img src=""https://img.mdeco.kr/2019-01-21/20190128-531.jpg""><br> <img src=""https://img.mdeco.kr/2019-01-21/20190128-591.jpg""><br> <br><img src=""https://img.mdeco.kr/0-thereals/peony.jpg""> <img src=""https://img.mdeco.kr/1-8image/green.jpg""><br>",1548726428394i0.jpg,1548726428844s0.jpg,1548726428100m0.jpg,1548726428630l0.jpg,,0000-00-00,1,0,,single,,^^79200^0^0^0^14800^0,색상(Color)^o,색상(Color)^화이트 - 품절^0|색상(Color)^퍼플^0|색상(Color)^블루^0,,,,,,,,1,,,BY-0255,N,0,,,,,0000-00-00,0000-00-00,0000-00-00,,0,,,,,img_i,img_s,img_m,img_l,0,0,0,0,,가짜꽃|조화꽃|인테리어|카페|축하|가짜꽃|꽃다발|졸업식|입학식|성묘조화,,,Y,0,0,,N,Y
57963,조화 꽃 자리공 장녹수 장록수 열매 가지 85cm 2색 택1 인조 베리 스프레이 꽃장식 조화꽃 소재,022060023|022060|022,,,mdeco.co.kr(m),0,1,0,0,,,,"<b>▒ 제품 설명</b><br> 2가지 색상 입니다.<br> 주문 시 색상을 선택하여 주세요.<br> <br> 낱개 1개씩 주문시 개당 6,800원<br>12개 세트로 주문시 69,600원<br> <br> <br> <br> <br> <b>▒ 제품 사이즈</b><br> 길이 : 85cm 가량<br> 가로폭 : 25cm 가량<br> <br> 연출하시는 방법에 따라 크기의 변동폭이 크답니다. 참고하셔서 주문주세요.<br> (보통 가로 사이즈는 바닥에 놓은 상태에서 측정하고 있답니다.)<br> <br> <br> <br> <br> <img src=""https://img.mdeco.kr/1-8image/m-fower.jpg""><br> <br> <img src=""https://img.mdeco.kr/2018-07-06/20180718-137.jpg""><br> <img src=""https://img.mdeco.kr/2018-07-06/20180718-136.jpg""><br> <img src=""https://img.mdeco.kr/2018-07-06/20180718-138.jpg""><br> <img src=""https://img.mdeco.kr/2018-07-06/20180718-139.jpg""><br> <img src=""https://img.mdeco.kr/2018-07-06/20180718-140.jpg""><br> <img src=""https://img.mdeco.kr/2018-07-06/20180718-141.jpg""><br> <img src=""https://img.mdeco.kr/2018-07-06/20180718-142.jpg""><br> <img src=""https://img.mdeco.kr/2018-07-06/20180718-261.jpg""><br> <img src=""https://img.mdeco.kr/2018-07-06/20180718-262.jpg""><br> <img src=""https://img.mdeco.kr/2018-07-06/20180718-263.jpg""><br> <img src=""https://img.mdeco.kr/2018-07-06/20180718-312.jpg""><br> <img src=""https://img.mdeco.kr/0-thereals/etcfruit.jpg""><br /> <img src=""https://img.mdeco.kr/1-8image/m2-green.jpg""><br> <img src=""https://img.mdeco.kr/1-8image/green.jpg""><br>",1531894072307i0.jpg,1531894072660s0.jpg,1531894072710m0.jpg,1531894072652l0.jpg,,0000-00-00,1,0,,single,,^^6800^8500^0^34^0^0,색상(Color)^o|수량^o,색상(Color)^브라운^0|색상(Color)^베이지 - 품절^0|수량^낱개 주문시^0|수량^12개 세트(박스) 주문시^62800,,,,,,,,1,,,18FM351-6071.UR/KU(12/240),N,0,,,,,0000-00-00,0000-00-00,0000-00-00,,0,,,,,img_i,img_s,img_m,img_l,0,0,0,0,,가짜꽃|조화꽃|인테리어|카페|축하|인조꽃|꽃다발|졸업식|입학식|성묘조화,,,Y,0,0,,N,Y
55735,조화 스카비오사 꽃 솔체꽃 서양체꽃 조화꽃 가지 76cm 3색 택1 각12개 세트 인조 꽃장식 고급조화 예쁜조화,022060023|022060|022,,,mdeco.co.kr(e),0,1,0,0,,,,"<b>▒ 제품 설명</b><br>3가지 색상입니다.<br> 주문시 색상을 선택하여 주세요.<br> 각 색상별 12개 세트로 배송되는 제품 입니다.<br> <br> <br> <br> <br> <b>▒ 제품 사이즈</b><br> 길이 : 76cm 가량<br> 가로 : 16cm 가량<br> <br> 연출하시는 방법에 따라 크기의 변동폭이 크답니다. 참고하셔서 주문주세요.<br> (보통 가로 사이즈는 바닥에 놓은 상태에서 측정하고 있답니다.)<br> <img src=""https://img.mdeco.kr/1-8image/2-e.jpg"" style=""font-size: 13px; font-variant-numeric: normal; font-variant-east-asian: normal; border: medium none currentcolor; color: rgb(102, 102, 102); letter-spacing: -0.24px; vertical-align: middle;""><br> <br> <br> <br> <img src=""https://img.mdeco.kr/1-8image/e-flower.jpg""><br> <br> <img src=""https://img.mdeco.kr/2018-02-07/20180227-398.jpg""><br> <img src=""https://img.mdeco.kr/2018-02-07/20180227-397.jpg""><br> <img src=""https://img.mdeco.kr/2018-02-07/20180227-399.jpg""><br> <img src=""https://img.mdeco.kr/2018-02-07/20180227-400.jpg""><br> <img src=""https://img.mdeco.kr/2018-02-07/20180227-401.jpg""><br> <img src=""https://img.mdeco.kr/2018-02-07/20180227-402.jpg""><br> <img src=""https://img.mdeco.kr/2018-02-07/20180227-403.jpg""><br> <img src=""https://img.mdeco.kr/2018-02-07/20180227-404.jpg""><br> <img src=""https://img.mdeco.kr/2018-02-07/20180227-405.jpg""><br> <img src=""https://img.mdeco.kr/2018-02-07/20180227-841.jpg""><br> <img src=""https://img.mdeco.kr/2018-02-07/20180227-842.jpg""><br> <img src=""https://img.mdeco.kr/2018-02-07/20180227-843.jpg""><br> <img src=""https://img.mdeco.kr/2018-02-07/20180227-844.jpg""><br> <img src=""https://img.mdeco.kr/2018-02-07/20180227-870.jpg""><br> <br> <img src=""https://img.mdeco.kr/1-8image/e2-flower.jpg""><br><img src=""https://img.mdeco.kr/0-thereals/peony.jpg""> <img src=""https://img.mdeco.kr/1-8image/all.jpg""><br>",1519710279917i0.jpg,1519710279164s0.jpg,1519710279685m0.jpg,1519710279166l0.jpg,,0000-00-00,1,0,,single,,^^79200^0^0^396^14800^0,색상(Color)^o,색상(Color)^화이트 - 품절^0|색상(Color)^퍼플^0|색상(Color)^블루^0,,,,,,,,1,,,BY-0255,N,0,,,,,0000-00-00,0000-00-00,0000-00-00,,0,,,,,img_i,img_s,img_m,img_l,0,0,0,0,,가짜꽃|조화꽃|인테리어|카페|축하|가짜꽃|꽃다발|졸업식|입학식|성묘조화,,,Y,0,0,,N,Y
54840,조화 장녹수 자리공 가지 48cm 2색 택1 인조 조화꽃 소재 꽃장식 연출,022|022060|022060023,AAO0003,,mdeco.co.kr(m),0,1,0,0,,,,"<b>▒ 제품 설명</b><br> 2가지 색상 입니다.<br> 주문 시 색상을 선택하여 주세요.<br> <br> 낱개 1개씩 주문시 개당 4,000원<br>36개 세트로 주문시 115,200원<br> <br> <br> <br> <b>▒ 제품 사이즈</b><br> 길이 : 48cm 가량<br> 가로폭 : 20cm 가량<br> <br> <br> 연출하시는 방법에 따라 크기의 변동폭이 크답니다. 참고하셔서 주문주세요.<br> (보통 가로 사이즈는 바닥에 놓은 상태에서 측정하고 있답니다.)<br> <br> <br> <br> <img src=""https://img.mdeco.kr/1-8image/m-fower.jpg""><br> <br> <img src=""https://img.mdeco.kr/2018-01-01/20180106-122.jpg""><br> <img src=""https://img.mdeco.kr/2018-01-01/20180106-121.jpg""><br> <img src=""https://img.mdeco.kr/2018-01-01/20180106-123.jpg""><br> <img src=""https://img.mdeco.kr/2018-01-01/20180106-124.jpg""><br> <img src=""https://img.mdeco.kr/2018-01-01/20180106-125.jpg""><br> <img src=""https://img.mdeco.kr/2018-01-01/20180106-126.jpg""><br> <img src=""https://img.mdeco.kr/2018-01-01/20180106-127.jpg""><br> <img src=""https://img.mdeco.kr/2018-01-01/20180106-128.jpg""><br> <img src=""https://img.mdeco.kr/2018-01-01/20180106-129.jpg""><br> <img src=""https://img.mdeco.kr/2018-01-01/20180106-357.jpg""><br> <img src=""https://img.mdeco.kr/2018-01-01/20180106-358.jpg""><br> <img src=""https://img.mdeco.kr/2018-01-01/20180106-359.jpg""><br> <img src=""https://img.mdeco.kr/2018-01-01/20180106-433.jpg""><br> <img src=""https://img.mdeco.kr/0-thereals/etcfruit.jpg""><br> <img src=""https://img.mdeco.kr/1-8image/m2-green.jpg""><br> <img src=""https://img.mdeco.kr/1-8image/green.jpg""><br>",1515206906607i0.jpg,1515206906992s0.jpg,1515206906515m0.jpg,,,0000-00-00,1,0,,single,,^^3900^5000^14800^13^1480^0,색상(Color)^o|수량^o,색상(Color)^열매-퍼플^0|색상(Color)^열매-크림^0|수량^낱개 주문시^0|수량^36개 세트(박스)주문시^111200,,,,,,,,1,,,18FMLY338696.LS/UY(36/360),N,0,,,,,0000-00-00,0000-00-00,0000-00-00,,0,1515206906367w0.jpg,1515206906518x0.jpg,1515206906992y0.jpg,,img_i,img_s,img_m,img_l,0,0,0,0,,가짜꽃|조화꽃|인테리어|카페|축하|인조꽃|꽃다발|졸업식|입학식|성묘조화,,,Y,0,0,,N,Y
53471,조화 미니 스카비오사 꽃 솔체꽃 서양체꽃 조화꽃 가지 65cm 3색 택1 각12개 세트 인조 꽃장식 고급조화 예쁜조화,022|022060023|022060,AAP0015,,mdeco.co.kr(e),0,1,0,0,,,,"<b>▒ 제품 설명</b><br> 3가지 색상 입니다.<br> 주문 시 색상을 선택하여 주세요.<br> <br>12개 세트로 배송되는 제품 입니다.<br> <br> <br> <br> <b>▒ 제품 사이즈</b><br> 길이 : 65cm 가량<br> 가로 : 20cm 가량<br> <br> 연출하시는 방법에 따라 크기의 변동폭이 크답니다. 참고하셔서 주문주세요.<br> (보통 가로 사이즈는 바닥에 놓은 상태에서 측정하고 있답니다.)<br> <img src=""https://img.mdeco.kr/1-8image/2-e.jpg"" style=""font-size: 13px; font-variant-numeric: normal; font-variant-east-asian: normal; border: medium none currentcolor; color: rgb(102, 102, 102); letter-spacing: -0.24px; vertical-align: middle;""><br> <br> <br> <img src=""https://img.mdeco.kr/2017-09-05/20170921-057.jpg""><br> <img src=""https://img.mdeco.kr/2017-09-05/20170921-056.jpg""><br> <img src=""https://img.mdeco.kr/2017-09-05/20170921-058.jpg""><br> <img src=""https://img.mdeco.kr/2017-09-05/20170921-059.jpg""><br> <img src=""https://img.mdeco.kr/2017-09-05/20170921-060.jpg""><div>▲ 버건디</div><div><br></div><div><br></div><div><br></div><div><br> <img src=""https://img.mdeco.kr/2017-09-05/20170921-061.jpg""><br> <img src=""https://img.mdeco.kr/2017-09-05/20170921-062.jpg""></div><div>▲ 그린</div><div><br></div><div><br></div><div><br></div><div><br> <img src=""https://img.mdeco.kr/2017-09-05/20170921-063.jpg""><br> <img src=""https://img.mdeco.kr/2017-09-05/20170921-065.jpg""></div><div>▲ 핑크</div><div><br></div><div><br></div><div><br></div><div><br></div><div><br> <img src=""https://img.mdeco.kr/2017-09-05/20170921-064.jpg""><br> <img src=""https://img.mdeco.kr/2017-09-05/20170921-315.jpg""><br> <img src=""https://img.mdeco.kr/2017-09-05/20170921-316.jpg""><br> <img src=""https://img.mdeco.kr/2017-09-05/20170921-317.jpg""><br> <img src=""https://img.mdeco.kr/2017-09-05/20170921-318.jpg""><br> <img src=""https://img.mdeco.kr/2017-09-05/20170921-343.jpg""><br> <br> <img src=""https://img.mdeco.kr/1-8image/green.jpg""><br></div>",1505979224432i0.jpg,1505979224886s0.jpg,150597922424m0.jpg,,,0000-00-00,1,1,,single,,^^84000^0^0^420^0^0,색상(Color)^o,색상(Color)^버건디^0|색상(Color)^그린^0|색상(Color)^핑크^0,,,,,,,,1,,,,N,0,,,,,0000-00-00,0000-00-00,0000-00-00,,0,1505979224404w0.jpg,1505979224532x0.jpg,1505979224715y0.jpg,,img_i,img_s,img_m,img_l,,,0,,,가짜꽃|조화꽃|인테리어|카페|축하|가짜꽃|꽃다발|졸업식|입학식|성묘조화,,,Y,0,0,,N,Y
52368,조화 스카비오사 꽃 솔체꽃 서양체꽃 조화꽃 가지 58cm 3색 택1 각24개 세트 인조 꽃장식 고급조화 예쁜조화,022060023|022060|022,AW0005,,mdeco.co.kr(e),0,1,0,0,,,,"<b>▒ 제품 설명</b><br> 3가지 색상입니다.<br> 주문시 색상을 선택하여 주세요.<br> 각 색상별 24개 세트로 배송되는 제품 입니다.<br> <br> <br> <br> <b>▒ 제품 사이즈</b><br> 길이 : 58cm 가량<br> 가로 : 15cm 가량<br> <br> 연출하시는 방법에 따라 크기의 변동폭이 크답니다. 참고하셔서 주문주세요.<br> (보통 가로 사이즈는 바닥에 놓은 상태에서 측정하고 있답니다.)<br> <img src=""https://img.mdeco.kr/1-8image/2-e.jpg"" style=""font-size: 13px; font-variant-numeric: normal; font-variant-east-asian: normal; border: medium none currentcolor; color: rgb(102, 102, 102); letter-spacing: -0.24px; vertical-align: middle;""><br> <br> <img src=""https://img.mdeco.kr/1-8image/e-flower.jpg""><br> <br> <img src=""https://img.mdeco.kr/2017-07-01/20170717-341.jpg""><br> <img src=""https://img.mdeco.kr/2017-07-01/20170717-342.jpg""><br> <img src=""https://img.mdeco.kr/2017-07-01/20170717-343.jpg""><br> <img src=""https://img.mdeco.kr/2017-07-01/20170717-344.jpg""><div>▲ 오렌지</div><div><br></div><div><br></div><div><br></div><div><br> <img src=""https://img.mdeco.kr/2017-07-01/20170717-345.jpg""><br> <img src=""https://img.mdeco.kr/2017-07-01/20170717-346.jpg""></div><div>▲ 핑크</div><div><br></div><div><br></div><div><br></div><div><br> <img src=""https://img.mdeco.kr/2017-07-01/20170717-347.jpg""><br> <img src=""https://img.mdeco.kr/2017-07-01/20170717-348.jpg""></div><div>▲ 브라운</div><div><br></div><div><br></div><div><br></div><div><br></div><div><br> <img src=""https://img.mdeco.kr/2017-07-01/20170717-349.jpg""><br> <img src=""https://img.mdeco.kr/2017-07-01/20170717-543.jpg""><br> <img src=""https://img.mdeco.kr/2017-07-01/20170717-544.jpg""><br> <img src=""https://img.mdeco.kr/2017-07-01/20170717-606.jpg""><br> <br> <img src=""https://img.mdeco.kr/1-8image/e2-flower.jpg""><br><img src=""https://img.mdeco.kr/0-thereals/peony.jpg""> <img src=""https://img.mdeco.kr/1-8image/all.jpg""><br></div>",1500283855142i0.jpg,1500283855692s0.jpg,1500283855446m0.jpg,,,0000-00-00,1,0,,single,,^^128600^129600^0^648^14800^0,색상(Color)^o,색상(Color)^오렌지^0|색상(Color)^핑크 - 품절^0|색상(Color)^브라운^0,,,,,,,,1,,,BY-0220,N,0,,,,,0000-00-00,0000-00-00,0000-00-00,,0,1500283855271w0.jpg,1500283855399x0.jpg,1500283855259y0.jpg,,img_i,img_s,img_m,img_l,,,0,,,가짜꽃|조화꽃|인테리어|카페|축하|가짜꽃|꽃다발|졸업식|입학식|성묘조화,,,Y,0,0,,N,Y
51693,조화 스카비오사 꽃 솔체꽃 서양체꽃 조화꽃 가지 59cm 2색 택1 인조 꽃장식 고급조화 예쁜조화,022060|022060023|022,AW0011,,mdeco.co.kr(j),0,1,0,0,,,,"<b>▒ 제품 설명</b><br> 2가지 색상 입니다.<br> 주문 시 색상을 선택하여 주세요.<br> <br> 낱개 1개씩 주문시 개당 4,000원<br>24개 세트로 주문시 72,000원<br> <br> <br> <br> <b>▒ 제품 사이즈</b><br> 길이 : 59cm 가량<br> 가로 : 14cm 가량<br> <br> 연출하시는 방법에 따라 크기의 변동폭이 크답니다. 참고하셔서 주문주세요.<br> (보통 가로 사이즈는 바닥에 놓은 상태에서 측정하고 있답니다.)<br> <br> <br> <br> <img src=""https://img.mdeco.kr/1-8image/j-flower.jpg""><br> <br> <img src=""https://img.mdeco.kr/2017-04-09/20170422-047.jpg""><br> <img src=""https://img.mdeco.kr/2017-04-09/20170422-046.jpg""><br> <img src=""https://img.mdeco.kr/2017-04-09/20170422-048.jpg""><br> <img src=""https://img.mdeco.kr/2017-04-09/20170422-049.jpg""><br> <img src=""https://img.mdeco.kr/2017-04-09/20170422-050.jpg""><br> <img src=""https://img.mdeco.kr/2017-04-09/20170422-051.jpg""><div>▲ LT 블루</div><div><br></div><div><br></div><div><br></div><div><br></div><div> <img src=""https://img.mdeco.kr/2017-04-09/20170422-052.jpg""><br> <img src=""https://img.mdeco.kr/2017-04-09/20170422-053.jpg""></div><div>▲ 퍼플</div><div><br></div><div><br></div><div><br></div><div><br> <img src=""https://img.mdeco.kr/2017-04-09/20170422-054.jpg""><br> <img src=""https://img.mdeco.kr/2017-04-09/20170422-425.jpg""><br> <img src=""https://img.mdeco.kr/2017-04-09/20170422-426.jpg""><br> <img src=""https://img.mdeco.kr/2017-04-09/20170422-513.jpg""><br> <br> <img src=""https://img.mdeco.kr/1-8image/j2-flower.jpg""><br> <img src=""https://img.mdeco.kr/1-8image/all.jpg""><br></div>",1492826521720i0.jpg,1492826521347s0.jpg,1492826521231m0.jpg,,,0000-00-00,1,1,,single,,^^3900^5000^0^20^0^0,색상(Color)^o|수량^o,색상(Color)^LT블루^0|색상(Color)^퍼플^0|수량^낱개 주문시^0|수량^24개 세트(박스) 주문시^68000,,,,,,,,1,,,757.000.0057(24/432),N,0,,,,,0000-00-00,0000-00-00,0000-00-00,,0,149282652140w0.jpg,1492826521756x0.jpg,1492826521715y0.jpg,,img_i,img_s,img_m,img_l,,,0,,,가짜꽃|조화꽃|인테리어|카페|축하|가짜꽃|꽃다발|졸업식|입학식|성묘조화,,,Y,0,0,,N,Y
51689,조화 스카비오사 꽃 솔체꽃 서양체꽃 조화꽃 가지 84cm 인조 꽃장식 고급조화 예쁜조화,022060|022|022060023,AW0012,,mdeco.co.kr(j),0,1,0,0,,,,"<b>▒ 제품 설명</b><br> 낱개 1개씩 주문시 개당 10,400원<br>24개 세트로 주문시 187,200원<br> <br> <br> <br> <b>▒ 제품 사이즈</b><br> 길이 : 84cm 가량<br> 가로 : 20cm 가량<br> <br> 연출하시는 방법에 따라 크기의 변동폭이 크답니다. 참고하셔서 주문주세요.<br> (보통 가로 사이즈는 바닥에 놓은 상태에서 측정하고 있답니다.)<br> <br> <br> <br> <img src=""https://img.mdeco.kr/1-8image/j-flower.jpg""><br> <br> <img src=""https://img.mdeco.kr/2017-04-09/20170422-021.jpg""><br> <img src=""https://img.mdeco.kr/2017-04-09/20170422-022.jpg""><br> <img src=""https://img.mdeco.kr/2017-04-09/20170422-023.jpg""><br> <img src=""https://img.mdeco.kr/2017-04-09/20170422-024.jpg""><br> <img src=""https://img.mdeco.kr/2017-04-09/20170422-025.jpg""><br> <img src=""https://img.mdeco.kr/2017-04-09/20170422-417.jpg""><br> <img src=""https://img.mdeco.kr/2017-04-09/20170422-418.jpg""><br> <img src=""https://img.mdeco.kr/2017-04-09/20170422-512.jpg""><br> <br> <img src=""https://img.mdeco.kr/1-8image/j2-flower.jpg""><br> <img src=""https://img.mdeco.kr/1-8image/all.jpg""><br>",1492826449327i0.jpg,1492826449938s0.jpg,1492826449934m0.jpg,,,0000-00-00,1,1,,single,,^^10400^13000^0^52^0^0,수량^o,수량^낱개 주문시^0|수량^24개 세트(박스) 주문시^176800,,,,,,,,1,,,757.000.0019(24/240),N,0,,,,,0000-00-00,0000-00-00,0000-00-00,,0,1492826449345w0.jpg,1492826449933x0.jpg,1492826449410y0.jpg,,img_i,img_s,img_m,img_l,,,0,,,가짜꽃|조화꽃|인테리어|카페|축하|가짜꽃|꽃다발|졸업식|입학식|성묘조화,,,Y,0,0,,N,Y
51682,조화 스카비오사 꽃 솔체꽃 서양체꽃 조화꽃 가지 54cm 3색 택1 인조 꽃장식 고급조화 예쁜조화,022060|022|022060023,AX0004,,mdeco.co.kr(j),0,1,0,0,,,,"<b>▒ 제품 설명</b><br> 낱개 1개씩 주문시 개당 5,900원<br> 24개 세트로 주문시 105,600원<br> <br> <br> <br> <br> <br> <br> <br> <br> <b>▒ 제품 사이즈</b><br> 길이 : 54cm 가량<br> 가로 : 15cm 가량<br> 연출하시는 방법에 따라 크기의 변동폭이 크답니다.<br> 참고하셔서 주문주세요.<br> (보통 가로 사이즈는 바닥에 놓은 상태에서 측정하고 있답니다.)<br> <br> <br> <br> <br> <br> <br> <br> <br> <img src=""https://img.mdeco.kr/1-8image/j-flower.jpg""><br> <br> <img src=""https://img.mdeco.kr/2017-04-09/20170422-574.jpg""><br> <img src=""https://img.mdeco.kr/2017-04-09/20170422-575.jpg""><br> <img src=""https://img.mdeco.kr/2017-04-09/20170422-576.jpg""><br> <img src=""https://img.mdeco.kr/2017-04-09/20170422-577.jpg""><br> <img src=""https://img.mdeco.kr/2017-04-09/20170422-578.jpg""><br> <img src=""https://img.mdeco.kr/2021-09-05/20210916-052.jpg""><br> <img src=""https://img.mdeco.kr/2021-09-05/20210916-053.jpg""><br> <img src=""https://img.mdeco.kr/2021-09-05/20210916-054.jpg""><br> <img src=""https://img.mdeco.kr/2021-09-05/20210916-055.jpg""><br> <img src=""https://img.mdeco.kr/2018-07-09/20180724-227.jpg""><br> <img src=""https://img.mdeco.kr/2018-07-09/20180724-228.jpg""><br> <img src=""https://img.mdeco.kr/2018-07-09/20180724-229.jpg""><br> <img src=""https://img.mdeco.kr/2018-07-09/20180724-393.jpg""><br> <img src=""https://img.mdeco.kr/2018-07-09/20180724-394.jpg""><br> <img src=""https://img.mdeco.kr/2018-07-09/20180724-395.jpg""><br> <img src=""https://img.mdeco.kr/2017-04-09/20170422-403.jpg""><br> <img src=""https://img.mdeco.kr/2017-04-09/20170422-404.jpg""><br> <img src=""https://img.mdeco.kr/2021-09-05/20210916-087.jpg""><br> <img src=""https://img.mdeco.kr/2021-09-05/20210916-088.jpg""><br> <img src=""https://img.mdeco.kr/2021-09-05/20210916-106.jpg""><br> <img src=""https://img.mdeco.kr/2017-04-09/20170422-505.jpg""><br> <img src=""https://img.mdeco.kr/2018-07-09/20180724-408.jpg""><br> <br> <img src=""https://img.mdeco.kr/0-thereals/peony.jpg""><br> <img src=""https://img.mdeco.kr/1-8image/j2-flower.jpg""><br> <img src=""https://img.mdeco.kr/1-8image/all.jpg""><br>",1648520065733i0.jpg,1648520065752s0.jpg,1648520065188m0.jpg,1648520065125l0.jpg,,0000-00-00,1,0,,single,,^^5900^7400^0^24^14800^0,수량^o|색상(Color)^o,수량^낱개 주문시^0|수량^24개 세트(박스) 주문시^99700|색상(Color)^LT핑크^0|색상(Color)^퍼플^0|색상(Color)^레드^0,,,,,,,,1,,,757.000.0045(24/384),N,0,,,,,0000-00-00,0000-00-00,0000-00-00,,0,1492826321253w0.jpg,1492826321569x0.jpg,1492826321522y0.jpg,,img_i,img_s,img_m,img_l,,,0,,,가짜작약꽃|조화꽃|인테리어|카페|축하|가짜꽃|꽃다발|졸업식|입학식|성묘조화,,,Y,0,0,,N,Y
49259,조화 스카비오사 꽃 솔체꽃 서양체꽃 조화꽃 3H 가지 72cm 인조 꽃장식 고급조화 예쁜조화,022|022060|022060023,AW0018,,mdeco.co.kr(j),0,1,0,0,,,,"<b>▒ 제품 설명</b><br> 낱개 1개씩 주문시 개당 11,200원<br>12개 세트로 주문시 103,200원<br> <br> <br> <br> <b>▒ 제품 사이즈</b><br> 길이 : 72cm 가량<br> 가로 : 24cm 가량<br> <br> 연출하시는 방법에 따라 크기의 변동폭이 크답니다. 참고하셔서 주문주세요.<br> (보통 가로 사이즈는 바닥에 놓은 상태에서 측정하고 있답니다.)<br> <br> <br> <br> <img src=""https://img.mdeco.kr/1-8image/j-flower.jpg""><br> <br> <img src=""https://img.mdeco.kr/2016-07-07/20160727-034.jpg""><br> <img src=""https://img.mdeco.kr/2016-07-07/20160727-035.jpg""><br> <img src=""https://img.mdeco.kr/2016-07-07/20160727-036.jpg""><br> <img src=""https://img.mdeco.kr/2016-07-07/20160727-037.jpg""><br> <img src=""https://img.mdeco.kr/2016-07-07/20160727-038.jpg""><br> <img src=""https://img.mdeco.kr/2016-07-07/20160727-158.jpg""><br> <img src=""https://img.mdeco.kr/2016-07-07/20160727-159.jpg""><br> <img src=""https://img.mdeco.kr/2016-07-07/20160727-160.jpg""><br> <img src=""https://img.mdeco.kr/2016-07-07/20160727-206.jpg""><br> <br> <img src=""https://img.mdeco.kr/1-8image/j2-flower.jpg""><br><img src=""https://img.mdeco.kr/0-thereals/peony.jpg""> <img src=""https://img.mdeco.kr/1-8image/all.jpg""><br>",146958017893i0.JPG,1469580178964s0.JPG,1469580178463m0.JPG,,,0000-00-00,1,0,,single,,^^11200^14000^0^56^14800^0,수량^o,수량^1개 주문시^0|수량^12개 세트^92000,,,,,,,,1,,,801.000.0002,N,0,,,,,0000-00-00,0000-00-00,0000-00-00,,0,1469580178288w0.JPG,1469580178837x0.JPG,1469580178246y0.JPG,,img_i,img_s,img_m,img_l,,,0,,,가짜꽃|조화꽃|인테리어|카페|축하|가짜꽃|꽃다발|졸업식|입학식|성묘조화,,,Y,0,0,,N,Y
48569,조화 스카비오사 꽃 솔체꽃 서양체꽃 조화꽃 가지 70cm 2색 택1 인조 꽃장식 고급조화 예쁜조화,022|022060023|022060,AW0020,,mdeco.co.kr(j),0,1,0,0,,,,"<b>▒ 제품 설명</b><br>2가지 색상입니다.<br> 주문시 색상과 수량을 선택하여 주세요.<br> <br> 낱개 1개씩 주문시 개당 11,200원<br>12개 세트로 주문시 103,200원<br> <br> <br> <br> <b>▒ 제품 사이즈</b><br> 길이 : 70cm 가량<br> 가로 : 20cm 가량<br> <br> 연출하시는 방법에 따라 크기의 변동폭이 크답니다. 참고하셔서 주문주세요.<br> (보통 가로 사이즈는 바닥에 놓은 상태에서 측정하고 있답니다.)<br> <br> <br> <br> <img src=""https://img.mdeco.kr/1-8image/j-green.jpg""><br> <br> <img src=""https://img.mdeco.kr/2016-05-03/20160511-037.jpg""><br> <img src=""https://img.mdeco.kr/2016-05-03/20160511-038.jpg""><div>▼ 라벤다<br> <img src=""https://img.mdeco.kr/2016-05-03/20160511-039.jpg""><br> <img src=""https://img.mdeco.kr/2016-05-03/20160511-040.jpg""></div><div>▼ 퍼플<br> <img src=""https://img.mdeco.kr/2016-05-03/20160511-041.jpg""><br> <img src=""https://img.mdeco.kr/2016-05-03/20160511-042.jpg""><br> <img src=""https://img.mdeco.kr/2016-05-03/20160511-083.jpg""><br> <img src=""https://img.mdeco.kr/2016-05-03/20160511-084.jpg""><br> <img src=""https://img.mdeco.kr/2016-05-03/20160511-104.jpg""><br> <br> <img src=""https://img.mdeco.kr/1-8image/j2-green.jpg""><br><img src=""https://img.mdeco.kr/0-thereals/peony.jpg""> <img src=""https://img.mdeco.kr/1-8image/green.jpg""><br></div><br><font color=""#ffffff""> 조화 스카비오사, 조화꽃 스카비오사, 조화 스카비오사 가지, 조화 스카비오사 다발, 조화 스카비오사 부쉬, 가짜꽃, 가짜 스카비오사꽃, 모조 스카비오사, 인조 스카비오사, 예쁜 스카비오사, 인테리어 스카비오사, 인테리어 조화꽃, 인테리어 조화, 스카비오사조화, 스카비오사가지, 스카비오사부쉬, 스카비오사 다발</font><br>",146294425115i0.JPG,1462944251156s0.JPG,1462944251888m0.JPG,,,0000-00-00,1,0,,single,,^^11200^14000^0^56^14800^0,색상(Color)^o|수량^o,색상(Color)^라벤다^0|색상(Color)^퍼플^0|수량^1개 주문시^0|수량^12개 세트^92000,,,,,,,,0,,,801.000.0002,N,0,,,,,0000-00-00,0000-00-00,0000-00-00,,0,1462944251229w0.JPG,1462944251580x0.JPG,1462944251694y0.JPG,,img_i,img_s,img_m,img_l,,,0,,,가짜꽃|조화꽃|인테리어|카페|축하|가짜꽃|꽃다발|졸업식|입학식|성묘조화,,,Y,0,0,,N,Y
48551,조화 꽃 자리공 장녹수 장록수 열매 가지 75cm 인조 베리 스프레이 꽃장식 조화꽃 소재,022060023|022060|022,,,mdeco.co.kr(j),0,1,0,0,,,,"<b>▒ 제품 설명</b><br> 낱개 1개씩 주문시 개당 4,800원<br>24개 세트로 주문시 86,400원<br> <br> <br> <br> <b>▒ 제품 사이즈</b><br> 길이 : 75cm 가량<br> 가로 : 22cm 가량<br> <br> 연출하시는 방법에 따라 크기의 변동폭이 크답니다. 참고하셔서 주문주세요.<br> (보통 가로 사이즈는 바닥에 놓은 상태에서 측정하고 있답니다.)<br> <br> <br> <br> <img src=""https://img.mdeco.kr/1-8image/j-flower.jpg""><br> <br> <img src=""https://img.mdeco.kr/2016-05-01/20160510-141.jpg""><br> <img src=""https://img.mdeco.kr/2016-05-01/20160510-142.jpg""><br> <img src=""https://img.mdeco.kr/2016-05-01/20160510-143.jpg""><br> <img src=""https://img.mdeco.kr/2016-05-01/20160510-144.jpg""><br> <img src=""https://img.mdeco.kr/2016-05-01/20160510-145.jpg""><br> <img src=""https://img.mdeco.kr/2016-05-01/20160510-260.jpg""><br> <img src=""https://img.mdeco.kr/2016-05-01/20160510-261.jpg""><br> <img src=""https://img.mdeco.kr/2016-05-01/20160510-318.jpg""><br> <br> <img src=""https://img.mdeco.kr/1-8image/j2-flower.jpg""><br><img src=""https://img.mdeco.kr/0-thereals/etcfruit.jpg""> <img src=""https://img.mdeco.kr/1-8image/all.jpg""><br>",14628524683i0.JPG,1462852468221s0.JPG,14628524689m0.JPG,,,0000-00-00,1,0,,single,,^^4800^6000^0^20^14800^0,수량^o,수량^1개 주문시^0|수량^24개 세트^81600,,,,,,,,1,,,361.000.0111,N,0,,,,,0000-00-00,0000-00-00,0000-00-00,,0,146285246830w0.JPG,1462852468594x0.JPG,1462852468229y0.JPG,,img_i,img_s,img_m,img_l,,,0,,,가짜꽃|조화꽃|인테리어|카페|축하|인조꽃|꽃다발|졸업식|입학식|성묘조화,,,Y,0,0,,N,Y
47626,조화 스카비오사 꽃 솔체꽃 서양체꽃 조화꽃 번들 30cm 2색 택1 인조 꽃장식 고급조화 예쁜조화,022060023|022060|022,AW0029,,mdeco.co.kr(j),0,1,0,0,,,,"<b>▒ 제품 설명</b><br> 2가지 색상입니다.<br> 주문시 색상과 수량을 선택하여 주세요.<br> <br> 낱개 1개씩 주문시 개당 20,800원<br>4개 세트로 주문시 72,000원<br> <br> <br> <br> <b>▒ 제품 사이즈</b><br> 길이 : 30cm 가량<br> 가로 : 17cm 가량<br> <br> 연출하시는 방법에 따라 크기의 변동폭이 크답니다. 참고하셔서 주문주세요.<br> (보통 가로 사이즈는 바닥에 놓은 상태에서 측정하고 있답니다.)<br> <br> <br> <br> <img src=""https://img.mdeco.kr/1-8image/j-flower.jpg""> <br> <img src=""https://img.mdeco.kr/2016-02-02/20160204-002.jpg""> <img src=""https://img.mdeco.kr/2016-02-02/20160204-003.jpg""> <img src=""https://img.mdeco.kr/2016-02-02/20160204-004.jpg""> <img src=""https://img.mdeco.kr/2016-02-02/20160204-005.jpg""> <img src=""https://img.mdeco.kr/2016-02-02/20160204-006.jpg""> <img src=""https://img.mdeco.kr/2016-02-02/20160204-007.jpg""> <img src=""https://img.mdeco.kr/2016-02-02/20160204-008.jpg""> <img src=""https://img.mdeco.kr/2016-02-02/20160204-009.jpg""> <img src=""https://img.mdeco.kr/2016-02-03/20160204-082.jpg""> <img src=""https://img.mdeco.kr/2016-02-03/20160204-083.jpg""> <img src=""https://img.mdeco.kr/2016-02-03/20160204-119.jpg""> <img src=""https://img.mdeco.kr/2016-02-03/20160204-120.jpg""> <br> <img src=""https://img.mdeco.kr/1-8image/j2-flower.jpg""><img src=""https://img.mdeco.kr/0-thereals/peony.jpg""> <img src=""https://img.mdeco.kr/1-8image/all.jpg""><br><br /><font color=""#ffffff""> 조화 스카비오사, 조화꽃 스카비오사, 조화 스카비오사 가지, 조화 스카비오사 다발, 조화 스카비오사 부쉬, 가짜꽃, 가짜 스카비오사꽃, 모조 스카비오사, 인조 스카비오사, 예쁜 스카비오사, 인테리어 스카비오사, 인테리어 조화꽃, 인테리어 조화, 스카비오사조화, 스카비오사가지, 스카비오사부쉬, 스카비오사 다발</font><br />",1454545333477i0.JPG,1454545333972s0.JPG,1454545333961m0.JPG,,,,1,0,o,single,,^^20800^26000^0^104^14797^0,색상(Color)^o|수량^,색상(Color)^퍼플^0|색상(Color)^아이보리^0|수량^낱개 구매시^0|수량^4개 세트(박스) 구매시^51200,,,,,,,,1,,,353.000.0021,N,0,,,,,,,,,0,145454533322w0.JPG,1454545333821x0.JPG,1454545333690y0.JPG,,img_i,img_s,img_m,img_l,,,0,,,가짜꽃|조화꽃|인테리어|카페|축하|가짜꽃|꽃다발|졸업식|입학식|성묘조화,,,Y,0,0,,N,Y
46861,조화 꽃 자리공 장녹수 장록수 열매 부쉬 35cm 3색 택1 각48개 세트 인조 베리 스프레이 꽃장식 조화꽃 소재,022060023|022060|022,,,mdeco.co.kr(c),0,1,0,0,,,,"<b>▒ 제품 설명</b> <br> 3가지 색상입니다. <br> 주문시 색상을 선택하여 주세요~ <br> 각 색상별 48개 세트로 배송되어집니다.<br> <br> <br> <br> <b>▒ 제품 사이즈</b><br> 가로지름 : 14cm 가량<br> 길이 : 35cm 가량<br> <br> 연출하시는 방법에 따라 크기의 변동폭이 크답니다. 참고하셔서 주문주세요~<br> (보통 가로 사이즈는 바닥에 놓은 상태에서 측정하고 있답니다. ) <br> <img src=""https://img.mdeco.kr/1-8image/2-e.jpg"" style=""font-size: 13px; font-variant-numeric: normal; font-variant-east-asian: normal; border: medium none currentcolor; color: rgb(102, 102, 102); letter-spacing: -0.24px; vertical-align: middle;""><br> <br> <img src=""https://img.mdeco.kr/2014-02-03/2014-02-03-153.jpg""><br> <img src=""https://img.mdeco.kr/2014-02-03/2014-02-03-154.jpg""><br> <br> 핑크<br> <img src=""https://img.mdeco.kr/2014-02-03/2014-02-03-155.jpg""><br> <img src=""https://img.mdeco.kr/2014-02-03/2014-02-03-156.jpg""><br> <br> 화이트<br> <img src=""https://img.mdeco.kr/2014-02-03/2014-02-03-157.jpg""><br> <img src=""https://img.mdeco.kr/2014-02-03/2014-02-03-158.jpg""><br> <br> 엘로우<br> <img src=""https://img.mdeco.kr/2014-02-03/2014-02-03-159.jpg""><br> <img src=""https://img.mdeco.kr/2014-02-03/2014-02-03-160.jpg""><br> <img src=""https://img.mdeco.kr/2014-02-03/2014-02-03-161.jpg""><br> <img src=""https://img.mdeco.kr/2014-02-03/2014-02-03-162.jpg""><br> <br> <img src=""https://img.mdeco.kr/2014-02-03/2014-02-03-295.jpg""><br> <img src=""https://img.mdeco.kr/2014-02-03/2014-02-03-296.jpg""><br> <img src=""https://img.mdeco.kr/2014-02-03/2014-02-03-345.jpg""><br> <img src=""https://img.mdeco.kr/2014-02-03/2014-02-03-346.jpg""><br> <img src=""https://img.mdeco.kr/0-thereals/etcfruit.jpg""><br /> <img src=""https://img.mdeco.kr/1-8image/all.jpg"">",153361896681i0.jpg,1533618966114s0.jpg,1533618966211m0.jpg,1533618966351l0.jpg,,0000-00-00,1,0,,double,,^^96000^96000^0^480^148^0,색상(Color)^o,색상(Color)^핑크^0|색상(Color)^화이트 - 품절^0|색상(Color)^엘로우^0,,,,,,,,1,,,C-1335,N,0,,,,,0000-00-00,0000-00-00,0000-00-00,,0,,,,,img_m,img_s,img_m,img_l,,,0,,,가짜꽃|조화꽃|인테리어|카페|축하|인조꽃|꽃다발|졸업식|입학식|성묘조화,,,Y,0,0,,N,Y
43627,조화 스카비오사 꽃 솔체꽃 서양체꽃 조화꽃 가지 50cm 3색 택1 각12개 세트 인조 꽃장식 고급조화 예쁜조화,022060023|022|022060,AW0032,,mdeco.co.kr(e),0,1,0,0,,,,"<b>▒ 제품 설명</b> <br> 3가지 색상입니다. <br> 주문시 색상을 선택하여 주세요~<br> 각 색상별 12개 세트로 배송되어집니다. <br> <br> <br> <b>▒ 제품 사이즈</b> <br> 길이 : 50cm 가량<br> 가로 : 16~19cm 가량<br> <br> 연출하시는 방법에 따라 크기의 변동폭이 크답니다. 참고하셔서 주문주세요~ <br> (보통 가로 사이즈는 바닥에 놓은 상태에서 측정하고 있답니다. ) <br> <img src=""https://img.mdeco.kr/1-8image/2-e.jpg"" style=""font-size: 13px; font-variant-numeric: normal; font-variant-east-asian: normal; border: medium none currentcolor; color: rgb(102, 102, 102); letter-spacing: -0.24px; vertical-align: middle;""><br> <br> <img src=""https://img.mdeco.kr/1-8image/e-flower.jpg""><br> <br> <img src=""https://img.mdeco.kr/2015-05-03/20150423-178.jpg""><br> <img src=""https://img.mdeco.kr/2015-05-03/20150423-179.jpg""><br> <img src=""https://img.mdeco.kr/2015-05-03/20150423-180.jpg""><br> <img src=""https://img.mdeco.kr/2015-05-03/20150423-181.jpg""><br> <img src=""https://img.mdeco.kr/2015-05-03/20150423-182.jpg""><br> <img src=""https://img.mdeco.kr/2015-05-03/20150423-183.jpg""><br> <img src=""https://img.mdeco.kr/2015-05-03/20150423-184.jpg""><br> <img src=""https://img.mdeco.kr/2015-05-03/20150423-185.jpg""><br> <img src=""https://img.mdeco.kr/2015-05-03/20150423-186.jpg""><br> <br> <img src=""https://img.mdeco.kr/1-8image/e2-flower.jpg""><img src=""https://img.mdeco.kr/0-thereals/peony.jpg""><br> <img src=""https://img.mdeco.kr/1-8image/all.jpg""><br><font color=""#ffffff""> 조화 스카비오사, 조화꽃 스카비오사, 조화 스카비오사 가지, 조화 스카비오사 다발, 조화 스카비오사 부쉬, 가짜꽃, 가짜 스카비오사꽃, 모조 스카비오사, 인조 스카비오사, 예쁜 스카비오사, 인테리어 스카비오사, 인테리어 조화꽃, 인테리어 조화, 스카비오사조화, 스카비오사가지, 스카비오사부쉬, 스카비오사 다발</font><br>",2009371417/DSC08825_1.JPG,2009371417/DSC08825_1.JPG,2009371417/DSC08825_1.JPG,2009371417/DSC08825_1.JPG,,,1,0,,double,,^^59800^66000^0^300^1480^0,색상(Color)^o,색상(Color)^퍼플 - 품절^0|색상(Color)^크림 - 품절^0|색상(Color)^핑크^0,,,,,,,,1,,,ev3173,N,0,,,,,,,,,0,,,,,img_m,img_s,img_m,img_l,,,0,,,가짜꽃|조화꽃|인테리어|카페|축하|가짜꽃|꽃다발|졸업식|입학식|성묘조화,,,Y,0,0,,N,Y
43617,조화 장녹 장록수 자리공 와일드 플라워 번들 꽃 35cm 3색 택1 24개 세트 인조 조화꽃 소재 꽃장식 연출,022060023|022060|022,AAO0057,,mdeco.co.kr(e),0,1,0,0,,,,"<b>▒ 제품 설명</b> <br> 3가지 색상입니다. <br> 주문시 색상을 선택하여 주세요~<br> 각 색상별 24개 세트로 배송되어집니다. <br> <br> <br> <b> ▒ 제품 사이즈</b> <br> 길이 : 35cm 가량<br> 가로 : 22~25cm 가량<br> <br> 연출하시는 방법에 따라 크기의 변동폭이 크답니다. 참고하셔서 주문주세요~ <br> (보통 가로 사이즈는 바닥에 놓은 상태에서 측정하고 있답니다. ) <br> <img src=""https://img.mdeco.kr/1-8image/2-e.jpg"" style=""font-size: 13px; font-variant-numeric: normal; font-variant-east-asian: normal; border: medium none currentcolor; color: rgb(102, 102, 102); letter-spacing: -0.24px; vertical-align: middle;""><br> <br> <img src=""https://img.mdeco.kr/1-8image/e-flower.jpg""><br> <br> <img src=""https://img.mdeco.kr/2015-05-03/20150423-054.jpg""><br> <img src=""https://img.mdeco.kr/2015-05-03/20150423-055.jpg""><br> <img src=""https://img.mdeco.kr/2015-05-03/20150423-056.jpg""><br> <img src=""https://img.mdeco.kr/2015-05-03/20150423-057.jpg""><br> <img src=""https://img.mdeco.kr/2015-05-03/20150423-060.jpg""><br> <img src=""https://img.mdeco.kr/2015-05-03/20150423-061.jpg""><br> <img src=""https://img.mdeco.kr/2015-05-03/20150423-062.jpg""><br> <img src=""https://img.mdeco.kr/2015-05-03/20150423-063.jpg""><br> <img src=""https://img.mdeco.kr/2015-05-03/20150423-064.jpg""><br> <img src=""https://img.mdeco.kr/2015-05-03/20150423-065.jpg""><br> <img src=""https://img.mdeco.kr/2015-05-03/20150423-066.jpg""><br> <img src=""https://img.mdeco.kr/2015-05-03/20150423-058.jpg""><br> <img src=""https://img.mdeco.kr/2015-05-03/20150423-059.jpg""><br> <img src=""https://img.mdeco.kr/2015-05-03/20150423-067.jpg""><br> <img src=""https://img.mdeco.kr/2015-05-03/20150423-068.jpg""><br> <br> <img src=""https://img.mdeco.kr/0-thereals/etcfruit.jpg""><br /> <img src=""https://img.mdeco.kr/1-8image/e2-flower.jpg""><br> <img src=""https://img.mdeco.kr/1-8image/all.jpg""> <br><font color=""#ffffff""> 조화 장녹수, 조화꽃 장녹수, 조화 장녹수 가지, 조화 장녹수 다발, 조화 장녹수 부쉬, 가짜꽃, 가짜 장녹수꽃, 모조 장녹수, 인조 장녹수, 예쁜 장녹수, 인테리어 장녹수, 인테리어 조화꽃, 인테리어 조화, 장녹수조화, 장녹수가지, 장녹수부쉬, 장녹수 다발</font><br>",2009371417/DSC08552_1.JPG,2009371417/DSC08552_1.JPG,2009371417/DSC08552_1.JPG,2009371417/DSC08552_1.JPG,,,1,0,,double,,^^119000^120000^0^600^1480^0,색상(Color)^o,색상(Color)^핑크^0|색상(Color)^블루^0|색상(Color)^크림^0,,,,,,,,1,,,BY-0089,N,0,,,,,,,,,0,2009371417/DSC08552_1.JPG,2009371417/DSC08552_1.JPG,2009371417/DSC08552_1.JPG,,img_m,img_s,img_m,img_l,,,0,,,가짜꽃|조화꽃|인테리어|카페|축하|인조꽃|꽃다발|졸업식|입학식|성묘조화,,,Y,0,0,,N,Y
43499,조화 스카비오사 꽃 솔체꽃 서양체꽃 조화꽃 가지 49cm 3색 택1 각12개 세트 인조 꽃장식 고급조화 예쁜조화,022060023|022|022060,AW0033,,mdeco.co.kr(e),0,1,0,0,,,,"<b>▒ 제품 설명</b> <br> 3가지 색상입니다. <br> 주문시 색상을 선택하여 주세요~<br> 각 색상별 12개 세트로 배송되어집니다. <br> <br> <br> <b>▒ 제품 사이즈</b> <br> 길이 : 49cm 가량<br> 가로 : 15~18cm 가량<br> <br> 연출하시는 방법에 따라 크기의 변동폭이 크답니다. 참고하셔서 주문주세요~ <br> (보통 가로 사이즈는 바닥에 놓은 상태에서 측정하고 있답니다. ) <br> <img src=""https://img.mdeco.kr/1-8image/2-e.jpg"" style=""font-size: 13px; font-variant-numeric: normal; font-variant-east-asian: normal; border: medium none currentcolor; color: rgb(102, 102, 102); letter-spacing: -0.24px; vertical-align: middle;""><br> <br> <img src=""https://img.mdeco.kr/1-8image/e-flower.jpg""><br> <br> <img src=""https://img.mdeco.kr/2015-04-01/20150321-057.jpg""><br> <img src=""https://img.mdeco.kr/2015-04-01/20150321-058.jpg""><br> <img src=""https://img.mdeco.kr/2015-04-01/20150321-059.jpg""><br> <img src=""https://img.mdeco.kr/2015-04-01/20150321-060.jpg""><br> <img src=""https://img.mdeco.kr/2015-04-01/20150321-061.jpg""><br> <img src=""https://img.mdeco.kr/2015-04-01/20150321-062.jpg""><br> <img src=""https://img.mdeco.kr/2015-04-01/20150321-063.jpg""><br> <img src=""https://img.mdeco.kr/2015-04-01/20150321-064.jpg""><br> <img src=""https://img.mdeco.kr/2015-04-01/20150321-065.jpg""><br> <img src=""https://img.mdeco.kr/2015-04-01/20150321-066.jpg""><br> <img src=""https://img.mdeco.kr/2015-04-01/20150321-193.jpg""><br> <img src=""https://img.mdeco.kr/2015-04-01/20150321-194.jpg""><br> <img src=""https://img.mdeco.kr/2015-04-01/20150321-228.jpg""><br> <br> <img src=""https://img.mdeco.kr/1-8image/e2-flower.jpg""><br> <img src=""https://img.mdeco.kr/0-thereals/peony.jpg""><br> <img src=""https://img.mdeco.kr/1-8image/all.jpg""><br><font color=""#ffffff""> 조화 스카비오사, 조화꽃 스카비오사, 조화 스카비오사 가지, 조화 스카비오사 다발, 조화 스카비오사 부쉬, 가짜꽃, 가짜 스카비오사꽃, 모조 스카비오사, 인조 스카비오사, 예쁜 스카비오사, 인테리어 스카비오사, 인테리어 조화꽃, 인테리어 조화, 스카비오사조화, 스카비오사가지, 스카비오사부쉬, 스카비오사 다발</font><br>",2010091864/DSC06375_1.JPG,2010091864/DSC06375_1.JPG,2010091864/DSC06375_1.JPG,2010091864/DSC06375_1.JPG,,,1,0,,double,,^^59800^66000^0^300^1480^0,색상(Color)^o,색상(Color)^핑크^0|색상(Color)^퍼플 - 품절^0|색상(Color)^아이보리 - 품절^0,,,,,,,,1,,,ev3173,N,0,,,,,,,,,0,,,,,img_m,img_s,img_m,img_l,,,0,,,가짜꽃|조화꽃|인테리어|카페|축하|가짜꽃|꽃다발|졸업식|입학식|성묘조화,,,Y,0,0,,N,Y
38887,조화 꽃 자리공 장녹수 장록수 열매 부쉬 43cm 12개 세트 인조 베리 스프레이 꽃장식 조화꽃 소재,022060023|022060|022,,,mdeco.co.kr(c),0,1,0,0,,,,"<b>▒ 제품 설명</b> <br> 주문시 12개 세트로 배송되어 집니다.<br> <br> <br> <b>▒ 제품 사이즈</b> <br> 가로: 27cm 가량 <br> 세로: 43cm 가량<br> <br> <br> 연출하시는 방법에 따라 크기의 변동폭이 크답니다. 참고하셔서 주문주세요~<br> (보통 가로 사이즈는 바닥에 놓은 상태에서 측정하고 있답니다. ) <br> <img src=""https://img.mdeco.kr/1-8image/2-e.jpg"" style=""border: medium none currentcolor; color: rgb(102, 102, 102); font-size: 13px; font-variant-numeric: normal; font-variant-east-asian: normal; letter-spacing: -0.24px; vertical-align: middle;""><br> <br> <br> <br> <img src=""https://img.mdeco.kr/2013-07-04/2013-07-04-286.jpg""><br> <img src=""https://img.mdeco.kr/2013-07-04/2013-07-04-287.jpg""><br> <img src=""https://img.mdeco.kr/2013-07-04/2013-07-04-288.jpg""><br> <img src=""https://img.mdeco.kr/2013-07-04/2013-07-04-289.jpg""><br> <img src=""https://img.mdeco.kr/2013-07-04/2013-07-04-290.jpg""><br> <img src=""https://img.mdeco.kr/2013-07-04/2013-07-04-291.jpg""><br> <img src=""https://img.mdeco.kr/2013-07-04/2013-07-04-619.jpg""><br> <img src=""https://img.mdeco.kr/2013-07-04/2013-07-04-620.jpg""><br> <img src=""https://img.mdeco.kr/2013-07-04/2013-07-04-554.jpg""><br> <img src=""https://img.mdeco.kr/2013-07-04/2013-07-04-555.jpg""><br> <br> <img src=""https://img.mdeco.kr/1-8image/2-c.jpg""><br> <br><img src=""https://img.mdeco.kr/0-thereals/etcfruit.jpg""> <img src=""https://img.mdeco.kr/1-8image/green.jpg"">",1504316824883i0.jpg,1504316824220s0.jpg,1504316824191m0.jpg,,,,1,0,,double,,^^107000^108000^0^540^3129^0,^,,,,,,,,,1,,,15154/BDB 1D/6D,N,0,,,,,,,,,0,1504316824370w0.jpg,1504316824674x0.jpg,1504316824239y0.jpg,,img_m,img_s,img_m,img_l,,,0,,,가짜꽃|조화꽃|인테리어|카페|축하|인조꽃|꽃다발|졸업식|입학식|성묘조화,,,Y,0,0,,N,Y
37405,조화 꽃 자리공 장녹수 장록수 열매 가지 72cm 3색 택1 인조 베리 스프레이 꽃장식 조화꽃 소재,022060023|022060|022,,,mdeco.co.kr(M),0,1,0,0,,,,"▒ 제품 설명 <br /> 3가지 색상입니다. <br /> 주문시 색상을 선택해 주세요. <br /> <br /> 낱개 1개씩 주문시 개당 5,280원 <br /> 12개 세트로 주문시 55,200원 <br /> <br /> <br /> <br /> <b>▒ 제품 사이즈</b> <br /> 가로 : 18cm 가량<br /> 길이 : 72cm 가량<br /> <br /> <img src=""https://img.mdeco.kr/1-8image/1-m.jpg""><br /> <img src=""https://img.mdeco.kr/2013-02-03/2013-02-11-930.jpg""><br /> <img src=""https://img.mdeco.kr/2013-02-03/2013-02-11-931.jpg""><br /> <br /> 오렌지<br /> <img src=""https://img.mdeco.kr/2013-02-03/2013-02-11-932.jpg""><br /> <br /> 그린<br /> <img src=""https://img.mdeco.kr/2013-02-03/2013-02-11-933.jpg""><br /> <br /> 크림<br /> <img src=""https://img.mdeco.kr/2013-02-03/2013-02-11-934.jpg""><br /> <img src=""https://img.mdeco.kr/2013-02-03/2013-02-11-935.jpg""><br /> <img src=""https://img.mdeco.kr/2013-02-03/2013-02-11-936.jpg""><br /> <img src=""https://img.mdeco.kr/2013-02-03/2013-02-11-1043.jpg""><br /> <img src=""https://img.mdeco.kr/2013-02-03/2013-02-11-1013.jpg""><br /> <img src=""https://img.mdeco.kr/2013-02-03/2013-02-11-1014.jpg""><br /> <img src=""https://img.mdeco.kr/0-thereals/etcfruit.jpg""><br /> <img src=""https://img.mdeco.kr/1-8image/2-m.jpg""><br /> <img src=""https://img.mdeco.kr/1-8image/green.jpg"">",1533619716951i0.jpg,1533619716865s0.jpg,1533619716240m0.jpg,1533619716673l0.jpg,,,1,1,,double,,^^5280^5280^0^27^0^0,색상(Color)^o|수량^o,색상(Color)^오렌지^0|색상(Color)^그린 - 품절^0|색상(Color)^크림 - 품절^0|수량^낱개 구매시^0|수량^12개 세트 구매시^49920,,,,,,,,1,,,FM408-0012 UC/CC,N,0,,,,,,,,,0,,,,,img_m,img_s,img_m,img_l,,,0,,,가짜꽃|조화꽃|인테리어|카페|축하|인조꽃|꽃다발|졸업식|입학식|성묘조화,,,Y,0,0,,N,Y
34068,조화 스카비오사 꽃 솔체꽃 서양체꽃 조화꽃 스프레이 69cm 4색 택1 인조 꽃장식 고급조화 예쁜조화,022060023|022|022060,AW0058,,mdeco.co.kr(m),0,1,0,0,,,,"<b>▒ 제품 설명</b> <br /> 4가지 색상입니다. <br /> 주문시 색상을 선택해 주세요.<br /> <br /> 낱개 1개씩 주문시 개당 6,300원 <br /> 12개 세트로 주문시 64,800원 <br /> <br /> <b>▒ 제품 사이즈</b> <br /> 가로 : 14cm 가량<br /> 세로 : 69cm 가량 <br /> <br /> <br /> 연출하시는 방법에 따라 크기의 변동폭이 크답니다. 참고하셔서 주문주세요~<br /> (보통 가로 사이즈는 바닥에 놓은 상태에서 측정하고 있답니다. ) <br /> <br /> <br /> <img src=""https://img.mdeco.kr/1-8image/1-m.jpg""><br /> <img src=""https://img.mdeco.kr/2012-02-04/2012-02-09-255.jpg""><br /> <img src=""https://img.mdeco.kr/2012-02-04/2012-02-09-300.jpg""><br /> <img src=""https://img.mdeco.kr/2012-02-04/2012-02-09-301.jpg""><br /> <img src=""https://img.mdeco.kr/2012-02-04/2012-02-09-123.jpg""><br /> <br /> 블루<br /> <img src=""https://img.mdeco.kr/2012-02-04/2012-02-09-124.jpg""><br /> <br /> 핑크<br /> <img src=""https://img.mdeco.kr/2012-02-04/2012-02-09-125.jpg""><br /> <br /> 크림화이트<br /> <img src=""https://img.mdeco.kr/2012-02-04/2012-02-09-126.jpg""><br /> <br /> 엘로우<br /> <img src=""https://img.mdeco.kr/2012-02-04/2012-02-09-127.jpg""><br /> <br /> <img src=""https://img.mdeco.kr/2012-02-04/2012-02-09-128.jpg""><br /> <img src=""https://img.mdeco.kr/2012-02-04/2012-02-09-129.jpg""><br /> <img src=""https://img.mdeco.kr/1-8image/1-2.jpg""><br /> <br /> <br /> <img src=""https://img.mdeco.kr/1-8image/all.jpg""><br /><font color=""#ffffff""> 조화 스카비오사, 조화꽃 스카비오사, 조화 스카비오사 가지, 조화 스카비오사 다발, 조화 스카비오사 부쉬, 가짜꽃, 가짜 스카비오사꽃, 모조 스카비오사, 인조 스카비오사, 예쁜 스카비오사, 인테리어 스카비오사, 인테리어 조화꽃, 인테리어 조화, 스카비오사조화, 스카비오사가지, 스카비오사부쉬, 스카비오사 다발</font><br />",2009017189/2012-02-09-123.jpg,2009017189/2012-02-09-123.jpg,2009017189/2012-02-09-123.jpg,2009017189/2012-02-09-123.jpg,,,1,1,,double,,^^6300^6300^0^32^0^0,색상(Color)^o|수량^o,색상(Color)^블루^0|색상(Color)^핑크^0|색상(Color)^크림화이트^0|색상(Color)^엘로우^0|수량^1개^0|수량^12개 세트^58500,,,,,,,,1,,,FMSC14011,N,0,,,,,,,,,0,,,,,img_m,img_s,img_m,img_l,,,,,,가짜꽃|조화꽃|인테리어|카페|축하|가짜꽃|꽃다발|졸업식|입학식|성묘조화,,,Y,0,0,,N,Y
31068,조화 꽃 자리공 장녹수 장록수 열매 가지 3색 택1 각12개 세트 인조 베리 스프레이 꽃장식 조화꽃 소재,022060023|022060|022,,,mdeco.co.kr(e),0,1,0,0,,,,"<b>▒ 제품 설명</b> <br> 각 색상별 <br> 12개 세트로 배송되는 제품입니다.<br> 주문시 색상을 선택하여주세요~ ^^<br> <br> <br> <br> <br> <b>▒ 제품 사이즈</b> <br> 길이 : 100cm 가량<br> <br> 연출하시는 방법에 따라 크기의 변동폭이 크답니다. 참고하셔서 주문주세요~<br> (보통 가로 사이즈는 바닥에 놓은 상태에서 측정하고 있답니다. ) <br> <img src=""https://img.mdeco.kr/1-8image/2-e.jpg"" style=""border: medium none currentcolor; color: rgb(102, 102, 102); font-size: 13px; font-variant-numeric: normal; font-variant-east-asian: normal; letter-spacing: -0.24px; vertical-align: middle;""><br> <br> <br> <br> <img src=""https://img.mdeco.kr/1-8image/1-e.jpg""><br> <img src=""https://img.mdeco.kr/2011-09-02/2011-08-30-053.jpg""><br> <br> A타입<br> <img src=""https://img.mdeco.kr/2011-09-02/2011-08-30-054.jpg""><br> <br> B타입<br> <img src=""https://img.mdeco.kr/2011-09-02/2011-08-30-055.jpg""><br> <br> C타입<br> <img src=""https://img.mdeco.kr/2011-09-02/2011-08-30-056.jpg""><br> <img src=""https://img.mdeco.kr/2011-09-02/2011-08-30-057.jpg""><br> <img src=""https://img.mdeco.kr/2011-09-02/2011-08-30-058.jpg""><br> <img src=""https://img.mdeco.kr/0-thereals/etcfruit.jpg""><br /> <img src=""https://img.mdeco.kr/1-8image/2-e.jpg""><br> <br> <img src=""https://img.mdeco.kr/1-8image/green.jpg"">",1533625199578i0.jpg,1533625199112s0.jpg,1533625199561m0.jpg,1533625199756l0.jpg,,,1,1,,double,,^^48000^48000^0^240^0^0,색상(color)^o,색상(color)^A타입^0|색상(color)^B타입^0|색상(color)^C타입^0,,,,,,,,1,,,2626,N,0,,,,,,,,,0,,,,,img_m,img_s,img_m,img_l,,,0,,,가짜꽃|조화꽃|인테리어|카페|축하|인조꽃|꽃다발|졸업식|입학식|성묘조화,,,Y,0,0,,N,Y
29701,조화 꽃 자리공 장녹수 장록수 열매 가지 2색 택1 인조 베리 스프레이 꽃장식 조화꽃 소재,022060023|022060|022,,,mdeco.co.kr(m),0,1,0,0,,,,"<b>▒ 제품 설명</b> <br /> 낱개 주문시 : 개당 4,000원 <br /> 12개 세트 (박스) 주문시 : 40,800원 <br /> <br /> 주문시 색상과 수량을 선택하여 주세요~ <br /> <br /> <br /> <br /> <b>▒ 제품 사이즈</b> <br /> 가로 : 28cm 가량<br /> 길이 : 65cm 가량<br /> <br /> 연출하시는 방법에 따라 크기의 변동폭이 크답니다. 참고하셔서 주문주세요~<br /> (보통 가로 사이즈는 바닥에 놓은 상태에서 측정하고 있답니다. ) <br /> <br /> <img src=""https://img.mdeco.kr/1-8image/1-1.jpg""><br /> <img src=""https://img.mdeco.kr/2011-02-04/DSC07660.jpg""><br /> <br /> 베이지<br /> <img src=""https://img.mdeco.kr/2011-02-04/DSC07662.jpg""><br /> <img src=""https://img.mdeco.kr/2011-02-04/DSC07664.jpg""><br /> <br /> 그린<br /> <img src=""https://img.mdeco.kr/2011-02-04/DSC07666.jpg""><br /> <img src=""https://img.mdeco.kr/2011-02-04/DSC07668.jpg""><br /> <img src=""https://img.mdeco.kr/2011-02-04/DSC07670.jpg""><br /> <img src=""https://img.mdeco.kr/2011-02-08/DSC00087.JPG""><br /> <img src=""https://img.mdeco.kr/2011-02-08/DSC00089.JPG""><br /> <img src=""https://img.mdeco.kr/1-8image/1-2.jpg""><br /> <br /> <img src=""https://img.mdeco.kr/1-8image/green.jpg"">",2012917633/DSC07660_1.jpg,2012917633/DSC07660_1.jpg,2012917633/DSC07660_1.jpg,2012917633/DSC07660_1.jpg,,,1,1,,double,,^^3900^4000^0^20^0^0,색상(Color)^o,색상(Color)^베이지^0|색상(Color)^그린^0|색상(Color)^베이지 12개 세트^36800|색상(Color)^그린 12개 세트^36800,,,,,,,,1,,,fms00525187,N,0,,,,,,,,,0,,,,,img_m,img_s,img_m,img_l,,,0,,,가짜꽃|조화꽃|인테리어|카페|축하|인조꽃|꽃다발|졸업식|입학식|성묘조화,,,Y,0,0,,N,Y
27630,조화 미니 스카비오사 꽃 솔체꽃 서양체꽃 조화꽃 가지 45cm 5색 택1 인조 꽃장식 고급조화 예쁜조화,022060023|022|022060,AW0068,,"mdeco.co.kr(z1, m)",0,1,0,0,,,,"<img src=""https://img.mdeco.kr/1-8image/autumnseason-m.jpg""><br /> <br /> <br /> <br /> <b>▒ 제품 설명</b> <br /> 가을느낌 내실때 사용하시면 좋은 가지 입니다. <br /> 5가지 색상입니다. 주문시 색상을 선택하여 주세요~<br /> <br /> <br /> <b>▒ 제품 사이즈</b> <br /> 가로 : 11cm 가량 <br /> 세로 : 45cm 가량<br /> <br /> <br /> 연출하시는 방법에 따라 크기의 변동폭이 크답니다. 참고하셔서 주문주세요~<br /> (보통 가로 사이즈는 바닥에 놓은 상태에서 측정하고 있답니다. ) <br /> <br /> <br /> <br /> 낱개 주문시 : 개당 2,200원<br /> 24개 세트 (박스) 주문시 : 38,400원<br /> <br /> <img src=""https://img.mdeco.kr/2010-09-02/DSC03155.jpg""><br /> <img src=""https://img.mdeco.kr/2010-09-02/DSC03158.jpg""><br /> <br /> a타입<br /> <img src=""https://img.mdeco.kr/2010-09-02/DSC03160.jpg""><br /> <br /> b타입<br /> <img src=""https://img.mdeco.kr/2010-09-02/DSC03165.jpg""><br /> <br /> c타입<br /> <img src=""https://img.mdeco.kr/2010-09-02/DSC03166.jpg""><br /> <br /> d타입<br /> <img src=""https://img.mdeco.kr/2010-09-02/DSC03169.jpg""><br /> <br /> e타입<br /> <img src=""https://img.mdeco.kr/2010-09-02/DSC03171.jpg""><br /> <img src=""https://img.mdeco.kr/2010-09-02/DSC03177.jpg""><br /> <img src=""https://img.mdeco.kr/1-8image/1-2.jpg""><br /> <br /> <img src=""https://img.mdeco.kr/1-8image/all.jpg""><br /><font color=""#ffffff""> 조화 스카비오사, 조화꽃 스카비오사, 조화 스카비오사 가지, 조화 스카비오사 다발, 조화 스카비오사 부쉬, 가짜꽃, 가짜 스카비오사꽃, 모조 스카비오사, 인조 스카비오사, 예쁜 스카비오사, 인테리어 스카비오사, 인테리어 조화꽃, 인테리어 조화, 스카비오사조화, 스카비오사가지, 스카비오사부쉬, 스카비오사 다발</font><br />",2011003220/DSC03155.jpg,2011003220/DSC03155.jpg,2011003220/DSC03155.jpg,2011003220/DSC03155.jpg,,,1,0,o,double,,^^2200^2200^0^11^0^0,색상(Color)^o,색상(Color)^d타입^0,,,,,,,,1,,,fms20710625,N,0,,,,,,,,,0,,,,,img_m,img_s,img_m,img_l,,,0,,,가짜꽃|조화꽃|인테리어|카페|축하|가짜꽃|꽃다발|졸업식|입학식|성묘조화,,,Y,0,0,,N,Y
4680,조화 꽃 자리공 장녹수 장록수 열매 가지 100~102cm 2색 택1 인조 베리 스프레이 꽃장식 조화꽃 소재,022060023|022060|022,,,mdeco.co.kr(z),0,1,0,0,,,,"<b>▒ 제품 설명</b> <br /> 그린색과 레드색 두가지 입니다~ 주문시 색상을 선택하여 주세요~ ^^<br /> <br /> <br /> <br /> <b>▒ 제품 사이즈</b> <br /> 길이 : 100-102cm 가량<br /> <br /> <br /> <br /> <img src=""https://img.mdeco.kr/2006-11/DSC03085.JPG""><br /> <img src=""https://img.mdeco.kr/2006-11/DSC03088.JPG""><br /> <img src=""https://img.mdeco.kr/2006-11/DSC03090.JPG""><br /> <img src=""https://img.mdeco.kr/2006-11/DSC03093.JPG""><br /> <img src=""https://img.mdeco.kr/0-thereals/etcfruit.jpg""><br /> <img src=""https://img.mdeco.kr/1-8image/green.jpg""><br />",1504335495301i0.jpg,1504335495829s0.jpg,150433549558m0.jpg,,,,1,1,,double,,^^7900^8000^0^40^0^0,색상^o,색상^그린^0|색상^레드^0,,,,,,,,1,,,,N,0,,,,,,,,,0,1504335495487w0.jpg,1504335495706x0.jpg,1504335495879y0.jpg,,img_m,img_s,img_m,img_l,,,0,,,가짜꽃|조화꽃|인테리어|카페|축하|인조꽃|꽃다발|졸업식|입학식|성묘조화,,,Y,0,0,,N,Y
